-- --------------------------------------------------------
-- Хост:                         127.0.0.1
-- Версия сервера:               5.6.13 - MySQL Community Server (GPL)
-- Операционная система:         Win32
-- HeidiSQL Версия:              9.4.0.5125
-- --------------------------------------------------------

/*!40101 SET @OLD_CHARACTER_SET_CLIENT=@@CHARACTER_SET_CLIENT */;
/*!40101 SET NAMES utf8 */;
/*!50503 SET NAMES utf8mb4 */;
/*!40014 SET @OLD_FOREIGN_KEY_CHECKS=@@FOREIGN_KEY_CHECKS, FOREIGN_KEY_CHECKS=0 */;
/*!40101 SET @OLD_SQL_MODE=@@SQL_MODE, SQL_MODE='NO_AUTO_VALUE_ON_ZERO' */;


-- Дамп структуры базы данных saveconfig
DROP DATABASE IF EXISTS `saveconfig`;
CREATE DATABASE IF NOT EXISTS `saveconfig` /*!40100 DEFAULT CHARACTER SET utf8 */;
USE `saveconfig`;

-- Дамп структуры для таблица saveconfig.commands
DROP TABLE IF EXISTS `commands`;
CREATE TABLE IF NOT EXISTS `commands` (
  `id` int(11) unsigned NOT NULL AUTO_INCREMENT,
  `id_template` int(11) NOT NULL DEFAULT '0',
  `command_order` int(11) NOT NULL DEFAULT '0',
  `command` varchar(50) COLLATE utf8_unicode_ci NOT NULL DEFAULT '0',
  `wait_for` varchar(50) COLLATE utf8_unicode_ci NOT NULL DEFAULT '0',
  `wait_time` int(11) NOT NULL DEFAULT '0',
  `save` bit(1) NOT NULL DEFAULT b'0',
  PRIMARY KEY (`id`)
) ENGINE=InnoDB AUTO_INCREMENT=90 DEFAULT CHARSET=utf8 COLLATE=utf8_unicode_ci ROW_FORMAT=COMPACT;

-- Дамп данных таблицы saveconfig.commands: ~28 rows (приблизительно)
/*!40000 ALTER TABLE `commands` DISABLE KEYS */;
INSERT INTO `commands` (`id`, `id_template`, `command_order`, `command`, `wait_for`, `wait_time`, `save`) VALUES
	(8, 2, 3, 'en{n}', 'Password:', 1000, b'0'),
	(9, 2, 1, 'telnet {deviceip}{n}', 'Username:', 5000, b'0'),
	(11, 2, 2, '{password1}{n}', '{promt1}', 1000, b'0'),
	(12, 2, 4, '{password2}{n}', '{promt2}', 1000, b'0'),
	(13, 2, 51, 'show running-config{n}', '{promt2}', 1000, b'0'),
	(14, 2, 101, 'exit{n}', '{terminal server promt1}', 1000, b'0'),
	(34, 4, 2, '1', '1', 1, b'1'),
	(36, 4, 102, '1', '', 0, b'0'),
	(37, 4, 52, '', '', 0, b'0'),
	(38, 4, 101, '', '', 0, b'0'),
	(39, 4, 1, '', '', 0, b'0'),
	(40, 4, 51, '', '', 0, b'0'),
	(70, 28, 101, '', '', 0, b'0'),
	(72, 28, 51, 'show version{n}', '{promt1}', 1000, b'1'),
	(73, 31, 101, '', '', 0, b'0'),
	(74, 31, 1, '', '', 0, b'0'),
	(75, 31, 51, '', '', 0, b'0'),
	(76, 33, 5, '{password2}{n}', '{promt2}', 2000, b'0'),
	(77, 33, 3, '{password1}{n}', '{promt1}', 2000, b'0'),
	(78, 33, 4, 'en{n}', 'Password:', 2000, b'0'),
	(79, 33, 1, 'telnet {deviceip}{n}', 'Username:', 5000, b'0'),
	(80, 33, 101, 'exit{n}', '{terminal server promt1}', 1000, b'0'),
	(81, 33, 51, 'show running-config{n}', '{promt2}', 5000, b'1'),
	(82, 33, 2, '{username1}{n}', 'Password:', 2000, b'0'),
	(83, 34, 101, '', '', 0, b'0'),
	(84, 34, 51, 'show runn{n}', '{promt1}', 4000, b'1'),
	(85, 35, 101, 'exit', '', 0, b'0'),
	(86, 35, 51, 'show runn{n}', '{promt1}', 4000, b'1'),
	(87, 35, 1, '{telnet}', 'Username:', 1000, b'0'),
	(88, 35, 2, '{username1}{n}', 'Password:', 1000, b'0'),
	(89, 35, 3, '{password1}{n}', '{promt1}', 1000, b'0');
/*!40000 ALTER TABLE `commands` ENABLE KEYS */;

-- Дамп структуры для таблица saveconfig.device
DROP TABLE IF EXISTS `device`;
CREATE TABLE IF NOT EXISTS `device` (
  `id` int(11) NOT NULL AUTO_INCREMENT,
  `device_ip` varchar(50) CHARACTER SET utf8 COLLATE utf8_unicode_ci DEFAULT NULL,
  `device_name` varchar(50) CHARACTER SET utf8 COLLATE utf8_unicode_ci DEFAULT NULL,
  `device_passw` varchar(50) CHARACTER SET utf8 COLLATE utf8_unicode_ci DEFAULT NULL,
  `device_username` varchar(50) CHARACTER SET utf8 COLLATE utf8_unicode_ci DEFAULT NULL,
  `username1` varchar(50) CHARACTER SET utf8 COLLATE utf8_unicode_ci DEFAULT NULL,
  `password1` varchar(50) CHARACTER SET utf8 COLLATE utf8_unicode_ci DEFAULT NULL,
  `username2` varchar(50) CHARACTER SET utf8 COLLATE utf8_unicode_ci DEFAULT NULL,
  `password2` varchar(50) CHARACTER SET utf8 COLLATE utf8_unicode_ci DEFAULT NULL,
  `username3` varchar(50) CHARACTER SET utf8 COLLATE utf8_unicode_ci DEFAULT NULL,
  `password3` varchar(50) CHARACTER SET utf8 COLLATE utf8_unicode_ci DEFAULT NULL,
  `username4` varchar(50) CHARACTER SET utf8 COLLATE utf8_unicode_ci DEFAULT NULL,
  `password4` varchar(50) CHARACTER SET utf8 COLLATE utf8_unicode_ci DEFAULT NULL,
  `promt1` varchar(50) CHARACTER SET utf8 COLLATE utf8_unicode_ci DEFAULT NULL,
  `promt2` varchar(50) CHARACTER SET utf8 COLLATE utf8_unicode_ci DEFAULT NULL,
  `promt3` varchar(50) CHARACTER SET utf8 COLLATE utf8_unicode_ci DEFAULT NULL,
  `promt4` varchar(50) CHARACTER SET utf8 COLLATE utf8_unicode_ci DEFAULT NULL,
  `switch_enable` bit(1) DEFAULT NULL,
  `id_device_type` int(11) DEFAULT NULL,
  `id_template` int(11) DEFAULT NULL,
  PRIMARY KEY (`id`),
  KEY `FK_t947fw5848gwaomf1c2q0dper` (`id_device_type`),
  KEY `FK_device_template` (`id_template`),
  CONSTRAINT `device_ibfk_1` FOREIGN KEY (`id_device_type`) REFERENCES `device_type` (`id`),
  CONSTRAINT `FK_device_template` FOREIGN KEY (`id_template`) REFERENCES `template` (`id`)
) ENGINE=InnoDB AUTO_INCREMENT=197 DEFAULT CHARSET=utf8 ROW_FORMAT=COMPACT;

-- Дамп данных таблицы saveconfig.device: ~3 rows (приблизительно)
/*!40000 ALTER TABLE `device` DISABLE KEYS */;
INSERT INTO `device` (`id`, `device_ip`, `device_name`, `device_passw`, `device_username`, `username1`, `password1`, `username2`, `password2`, `username3`, `password3`, `username4`, `password4`, `promt1`, `promt2`, `promt3`, `promt4`, `switch_enable`, `id_device_type`, `id_template`) VALUES
	(154, '10.1.1.20', '10.1.1.20', '', '', 'cisco', 'cisco', 'cisco', 'cisco', '', '', '', '', 'R1#', 'R1#', '', '', b'1', 1, 35),
	(155, '10.1.1.21', '10.1.1.21', 'cisco', 'cisco', 'cisco', 'cisco', 'cisco', 'cisco', '', '', '', '', 'R2#', 'R2#', '', '', b'0', 1, 34),
	(196, '10.1.1.21', '10.1.1.2178901', NULL, NULL, 'cisco', '1', 'cisco', '', '', '', '', '', 'R2>1', 'R2#', '', '', b'0', NULL, 2);
/*!40000 ALTER TABLE `device` ENABLE KEYS */;

-- Дамп структуры для таблица saveconfig.device_groups
DROP TABLE IF EXISTS `device_groups`;
CREATE TABLE IF NOT EXISTS `device_groups` (
  `devicegroupid` int(11) unsigned NOT NULL AUTO_INCREMENT,
  `deviceid` int(11) unsigned NOT NULL,
  `groupid` int(11) unsigned NOT NULL,
  PRIMARY KEY (`devicegroupid`),
  UNIQUE KEY `hosts_groups_1` (`deviceid`,`groupid`),
  KEY `hosts_groups_2` (`groupid`)
) ENGINE=InnoDB AUTO_INCREMENT=80 DEFAULT CHARSET=utf8;

-- Дамп данных таблицы saveconfig.device_groups: ~2 rows (приблизительно)
/*!40000 ALTER TABLE `device_groups` DISABLE KEYS */;
INSERT INTO `device_groups` (`devicegroupid`, `deviceid`, `groupid`) VALUES
	(78, 154, 6),
	(77, 155, 6),
	(79, 196, 6);
/*!40000 ALTER TABLE `device_groups` ENABLE KEYS */;

-- Дамп структуры для таблица saveconfig.device_type
DROP TABLE IF EXISTS `device_type`;
CREATE TABLE IF NOT EXISTS `device_type` (
  `id` int(11) NOT NULL AUTO_INCREMENT,
  `device_type` varchar(50) COLLATE utf8_unicode_ci DEFAULT NULL,
  PRIMARY KEY (`id`)
) ENGINE=InnoDB AUTO_INCREMENT=5 DEFAULT CHARSET=utf8 COLLATE=utf8_unicode_ci ROW_FORMAT=COMPACT;

-- Дамп данных таблицы saveconfig.device_type: ~4 rows (приблизительно)
/*!40000 ALTER TABLE `device_type` DISABLE KEYS */;
INSERT INTO `device_type` (`id`, `device_type`) VALUES
	(1, 'catalyst_telnet'),
	(2, 'hp_telnet'),
	(3, 'catalyst_mac_telnet'),
	(4, 'ssg_5_telnet');
/*!40000 ALTER TABLE `device_type` ENABLE KEYS */;

-- Дамп структуры для таблица saveconfig.globalparam
DROP TABLE IF EXISTS `globalparam`;
CREATE TABLE IF NOT EXISTS `globalparam` (
  `id` int(11) NOT NULL AUTO_INCREMENT,
  `paramkey` varchar(50) DEFAULT NULL,
  `paramvalue` varchar(1000) DEFAULT NULL,
  UNIQUE KEY `Индекс 1` (`id`)
) ENGINE=InnoDB AUTO_INCREMENT=6 DEFAULT CHARSET=utf8;

-- Дамп данных таблицы saveconfig.globalparam: ~4 rows (приблизительно)
/*!40000 ALTER TABLE `globalparam` DISABLE KEYS */;
INSERT INTO `globalparam` (`id`, `paramkey`, `paramvalue`) VALUES
	(1, 'PathToBackUPLinux', '/opt/backup2321/'),
	(3, 'PathToBackUPWin', 'c:\\backup2\\'),
	(4, 'PathToFTP', NULL),
	(5, 'PathToTFTP', NULL);
/*!40000 ALTER TABLE `globalparam` ENABLE KEYS */;

-- Дамп структуры для таблица saveconfig.groups
DROP TABLE IF EXISTS `groups`;
CREATE TABLE IF NOT EXISTS `groups` (
  `groupid` int(11) unsigned NOT NULL AUTO_INCREMENT,
  `name` varchar(50) NOT NULL DEFAULT '',
  PRIMARY KEY (`groupid`),
  KEY `groups_1` (`name`)
) ENGINE=InnoDB AUTO_INCREMENT=7 DEFAULT CHARSET=utf8;

-- Дамп данных таблицы saveconfig.groups: ~4 rows (приблизительно)
/*!40000 ALTER TABLE `groups` DISABLE KEYS */;
INSERT INTO `groups` (`groupid`, `name`) VALUES
	(5, '45'),
	(1, 'group1'),
	(2, 'group2'),
	(3, 'group3'),
	(6, 'group5');
/*!40000 ALTER TABLE `groups` ENABLE KEYS */;

-- Дамп структуры для таблица saveconfig.more
DROP TABLE IF EXISTS `more`;
CREATE TABLE IF NOT EXISTS `more` (
  `id` int(11) unsigned NOT NULL AUTO_INCREMENT,
  `id_template` int(11) NOT NULL DEFAULT '0',
  `more` varchar(50) COLLATE utf8_unicode_ci NOT NULL DEFAULT '0',
  `more_do` varchar(50) COLLATE utf8_unicode_ci NOT NULL DEFAULT '0',
  `isdelete` bit(1) NOT NULL DEFAULT b'0',
  `more_delete` varchar(50) COLLATE utf8_unicode_ci DEFAULT NULL,
  PRIMARY KEY (`id`)
) ENGINE=InnoDB AUTO_INCREMENT=25 DEFAULT CHARSET=utf8 COLLATE=utf8_unicode_ci ROW_FORMAT=COMPACT;

-- Дамп данных таблицы saveconfig.more: ~12 rows (приблизительно)
/*!40000 ALTER TABLE `more` DISABLE KEYS */;
INSERT INTO `more` (`id`, `id_template`, `more`, `more_do`, `isdelete`, `more_delete`) VALUES
	(1, 1, '{s}--More--{s}', '{s}', b'1', '        '),
	(2, 4, 'more', 'moreDo', b'0', ''),
	(3, 9, 'more', 'moreDo', b'0', ''),
	(4, 10, 'more', 'moreDo', b'0', ''),
	(5, 5, '{s}--More--{s}', '{s}', b'1', '        '),
	(6, 2, '1', '2', b'1', ''),
	(7, 21, '1', '2', b'1', ''),
	(15, 28, '--More--', ' ', b'1', '          '),
	(16, 29, 'more', 'moreDo', b'0', NULL),
	(17, 30, 'more', 'moreDo', b'0', NULL),
	(18, 31, 'more', 'moreDo', b'0', ''),
	(22, 33, ' --More-- ', ' ', b'1', '        '),
	(23, 34, '--More--', ' ', b'1', '          '),
	(24, 35, '--More--', ' ', b'1', '          ');
/*!40000 ALTER TABLE `more` ENABLE KEYS */;

-- Дамп структуры для таблица saveconfig.role
DROP TABLE IF EXISTS `role`;
CREATE TABLE IF NOT EXISTS `role` (
  `id_role` int(11) NOT NULL,
  `role` varchar(50) DEFAULT NULL,
  `role_name` varchar(50) DEFAULT NULL
) ENGINE=InnoDB DEFAULT CHARSET=utf8;

-- Дамп данных таблицы saveconfig.role: ~3 rows (приблизительно)
/*!40000 ALTER TABLE `role` DISABLE KEYS */;
INSERT INTO `role` (`id_role`, `role`, `role_name`) VALUES
	(1, 'ROLE_ADMIN', 'Administrator'),
	(2, 'ROLE_OPERATOR', 'Operator'),
	(3, 'ROLE_USER', 'User');
/*!40000 ALTER TABLE `role` ENABLE KEYS */;

-- Дамп структуры для таблица saveconfig.schedule
DROP TABLE IF EXISTS `schedule`;
CREATE TABLE IF NOT EXISTS `schedule` (
  `scheduleid` int(11) unsigned NOT NULL AUTO_INCREMENT,
  `taskid` int(11) DEFAULT NULL,
  `day_of_week` int(11) DEFAULT NULL,
  `hour` int(11) DEFAULT NULL,
  `minute` int(11) DEFAULT NULL,
  PRIMARY KEY (`scheduleid`)
) ENGINE=InnoDB AUTO_INCREMENT=23 DEFAULT CHARSET=utf8 ROW_FORMAT=COMPACT;

-- Дамп данных таблицы saveconfig.schedule: ~6 rows (приблизительно)
/*!40000 ALTER TABLE `schedule` DISABLE KEYS */;
INSERT INTO `schedule` (`scheduleid`, `taskid`, `day_of_week`, `hour`, `minute`) VALUES
	(1, 1, 7, 8, 7),
	(2, 1, 7, 21, 6),
	(3, 1, 7, 21, 53),
	(4, 1, 7, 21, 3),
	(9, 2, 1, 2, 1),
	(20, 2, 1, 1, 1),
	(22, 11, 7, 23, 0);
/*!40000 ALTER TABLE `schedule` ENABLE KEYS */;

-- Дамп структуры для таблица saveconfig.tasks
DROP TABLE IF EXISTS `tasks`;
CREATE TABLE IF NOT EXISTS `tasks` (
  `taskid` int(11) unsigned NOT NULL AUTO_INCREMENT,
  `taskname` varchar(50) NOT NULL DEFAULT '',
  PRIMARY KEY (`taskid`),
  KEY `groups_1` (`taskname`)
) ENGINE=InnoDB AUTO_INCREMENT=12 DEFAULT CHARSET=utf8 ROW_FORMAT=COMPACT;

-- Дамп данных таблицы saveconfig.tasks: ~3 rows (приблизительно)
/*!40000 ALTER TABLE `tasks` DISABLE KEYS */;
INSERT INTO `tasks` (`taskid`, `taskname`) VALUES
	(11, 'задача 5'),
	(2, 'задача3'),
	(1, 'задача4');
/*!40000 ALTER TABLE `tasks` ENABLE KEYS */;

-- Дамп структуры для таблица saveconfig.tasks_complited
DROP TABLE IF EXISTS `tasks_complited`;
CREATE TABLE IF NOT EXISTS `tasks_complited` (
  `taskcompid` int(11) unsigned NOT NULL AUTO_INCREMENT,
  `taskid` int(11) unsigned DEFAULT NULL,
  `type` varchar(50) DEFAULT NULL,
  `status` varchar(50) NOT NULL DEFAULT '',
  `starttime` datetime NOT NULL,
  `stoptime` datetime NOT NULL,
  PRIMARY KEY (`taskcompid`)
) ENGINE=InnoDB AUTO_INCREMENT=566 DEFAULT CHARSET=utf8 ROW_FORMAT=COMPACT;

-- Дамп данных таблицы saveconfig.tasks_complited: ~266 rows (приблизительно)
/*!40000 ALTER TABLE `tasks_complited` DISABLE KEYS */;
INSERT INTO `tasks_complited` (`taskcompid`, `taskid`, `type`, `status`, `starttime`, `stoptime`) VALUES
	(219, 1, 'manual', 'started', '2016-05-07 21:57:45', '2016-05-07 21:57:45'),
	(220, 1, 'manual', 'started', '2016-05-07 22:04:13', '2016-05-07 22:04:13'),
	(221, 2, 'manual', 'started', '2016-05-07 22:08:09', '2016-05-07 22:08:09'),
	(222, 2, 'manual', 'started', '2016-05-07 22:08:31', '2016-05-07 22:08:31'),
	(223, 2, 'manual', 'started', '2016-05-07 22:11:09', '2016-05-07 22:11:09'),
	(224, 2, 'manual', 'started', '2016-05-07 22:12:06', '2016-05-07 22:12:06'),
	(225, 2, 'manual', 'started', '2016-05-07 22:16:35', '2016-05-07 22:16:35'),
	(226, 2, 'manual', 'started', '2016-05-08 21:39:39', '2016-05-08 21:39:39'),
	(234, 2, 'manual', 'end', '2016-05-08 22:20:06', '2016-05-08 22:20:06'),
	(235, 2, 'manual', 'end', '2016-05-08 22:20:41', '2016-05-08 22:20:41'),
	(236, 2, 'manual', 'end', '2016-05-09 08:20:08', '2016-05-09 08:20:08'),
	(237, 2, 'manual', 'started', '2016-05-09 08:27:12', '2016-05-09 08:27:12'),
	(238, 2, 'manual', 'started', '2016-05-09 08:28:38', '2016-05-09 08:28:38'),
	(239, 2, 'manual', 'started', '2016-05-09 08:31:59', '2016-05-09 08:31:59'),
	(240, 2, 'manual', 'started', '2016-05-09 08:32:13', '2016-05-09 08:32:13'),
	(241, 2, 'manual', 'ended', '2016-05-09 08:34:12', '2016-05-09 08:34:12'),
	(242, 2, 'manual', 'ended', '2016-05-09 08:41:40', '2016-05-09 08:41:40'),
	(243, 2, 'manual', 'ended', '2016-05-09 08:41:51', '2016-05-09 08:41:51'),
	(244, 2, 'manual', 'ended', '2016-05-09 09:16:29', '2016-05-09 09:16:29'),
	(245, 2, 'manual', 'ended', '2016-05-09 09:31:56', '2016-05-09 09:31:56'),
	(246, 2, 'manual', 'ended', '2016-05-09 09:34:40', '2016-05-09 09:34:40'),
	(247, 2, 'manual', 'ended', '2016-05-09 09:35:27', '2016-05-09 09:35:27'),
	(248, 2, 'manual', 'ended', '2016-05-09 09:37:16', '2016-05-09 09:37:16'),
	(249, 2, 'manual', 'ended', '2016-05-09 10:13:28', '2016-05-09 10:13:33'),
	(250, 2, 'manual', 'ended', '2016-05-10 22:14:33', '2016-05-10 22:14:36'),
	(251, 2, 'manual', 'ended', '2016-05-10 22:28:13', '2016-05-10 22:28:16'),
	(252, 2, 'manual', 'ended', '2016-05-10 22:28:22', '2016-05-10 22:28:25'),
	(253, 2, 'manual', 'ended', '2016-05-10 22:29:46', '2016-05-10 22:29:49'),
	(254, 2, 'manual', 'ended', '2016-05-11 21:28:32', '2016-05-11 21:28:34'),
	(255, 2, 'manual', 'ended', '2016-05-11 21:29:38', '2016-05-11 21:29:40'),
	(256, 2, 'manual', 'ended', '2016-05-11 21:31:02', '2016-05-11 21:31:06'),
	(257, 2, 'manual', 'ended', '2016-05-11 21:32:21', '2016-05-11 21:32:25'),
	(258, 2, 'manual', 'ended', '2016-05-15 08:58:44', '2016-05-15 09:13:53'),
	(259, 2, 'manual', 'ended', '2016-05-15 09:00:22', '2016-05-15 09:14:07'),
	(260, 2, 'manual', 'ended', '2016-05-15 09:02:31', '2016-05-15 10:04:54'),
	(261, 2, 'manual', 'ended', '2016-05-15 09:07:45', '2016-05-15 10:07:51'),
	(262, 2, 'manual', 'ended', '2016-05-15 09:07:52', '2016-05-15 10:14:24'),
	(263, 2, 'manual', 'ended', '2016-05-15 09:09:43', '2016-05-15 10:14:56'),
	(264, 2, 'manual', 'ended', '2016-05-15 09:12:00', '2016-05-15 10:18:50'),
	(265, 2, 'manual', 'ended', '2016-05-15 09:13:48', '2016-05-15 10:19:00'),
	(266, 2, 'manual', 'ended', '2016-05-15 09:14:02', '2016-05-15 10:19:06'),
	(267, 2, 'manual', 'ended', '2016-05-15 10:04:50', '2016-05-15 10:23:02'),
	(268, 2, 'manual', 'ended', '2016-05-15 10:07:47', '2016-05-15 10:07:47'),
	(269, 2, 'manual', 'ended', '2016-05-15 10:14:21', '2016-05-15 10:14:21'),
	(270, 2, 'manual', 'ended', '2016-05-15 10:14:51', '2016-05-15 10:14:51'),
	(271, 2, 'manual', 'ended', '2016-05-15 10:18:44', '2016-05-15 10:18:44'),
	(272, 2, 'manual', 'ended', '2016-05-15 10:18:54', '2016-05-15 10:39:41'),
	(273, 2, 'manual', 'ended', '2016-05-15 10:19:01', '2016-05-15 10:39:50'),
	(274, 2, 'manual', 'ended', '2016-05-15 10:22:56', '2016-05-15 10:41:47'),
	(275, 2, 'manual', 'ended', '2016-05-15 10:27:14', '2016-05-15 10:44:55'),
	(276, 2, 'manual', 'ended', '2016-05-15 10:31:32', '2016-05-15 10:45:06'),
	(284, 2, 'manual', 'ended', '2016-05-15 10:47:29', '2016-05-15 10:47:35'),
	(285, 2, 'manual', 'ended', '2016-05-15 11:10:09', '2016-05-15 11:10:15'),
	(286, 2, 'manual', 'ended', '2016-05-15 11:13:43', '2016-05-15 11:13:48'),
	(287, 2, 'manual', 'ended', '2016-05-15 11:14:45', '2016-05-15 11:14:51'),
	(288, 2, 'manual', 'ended', '2016-05-15 11:18:24', '2016-05-15 11:18:35'),
	(289, 2, 'manual', 'ended', '2016-05-15 11:26:08', '2016-05-15 11:26:19'),
	(290, 2, 'manual', 'ended', '2016-05-15 11:28:24', '2016-05-15 11:28:35'),
	(291, 2, 'manual', 'ended', '2016-05-15 11:28:32', '2016-05-15 11:28:43'),
	(292, 2, 'manual', 'ended', '2016-05-21 20:58:40', '2016-05-21 20:59:34'),
	(294, 2, 'manual', 'ended', '2016-05-21 21:02:01', '2016-05-21 21:02:14'),
	(295, 2, 'manual', 'End error', '2016-05-21 21:08:29', '2016-05-21 21:08:43'),
	(296, 2, 'manual', 'End error', '2016-05-21 21:10:48', '2016-05-21 21:11:02'),
	(297, 2, 'manual', 'End error', '2016-05-21 21:14:59', '2016-05-21 21:15:13'),
	(298, 2, 'manual', 'End ok', '2016-05-21 22:08:37', '2016-05-21 22:08:43'),
	(299, 2, 'manual', 'End ok', '2016-05-21 22:18:36', '2016-05-21 22:18:40'),
	(300, 2, 'manual', 'End ok', '2016-05-21 22:21:39', '2016-05-21 22:21:44'),
	(301, 2, 'manual', 'End ok', '2016-05-21 22:23:18', '2016-05-21 22:23:22'),
	(302, 2, 'manual', 'End ok', '2016-05-21 22:24:31', '2016-05-21 22:24:35'),
	(303, 2, 'manual', 'End ok', '2016-05-21 22:26:59', '2016-05-21 22:27:04'),
	(304, 2, 'manual', 'End ok', '2016-05-21 22:27:12', '2016-05-21 22:27:15'),
	(305, 2, 'manual', 'End ok', '2016-05-21 22:29:22', '2016-05-21 22:29:25'),
	(306, 2, 'manual', 'End ok', '2016-05-21 22:31:55', '2016-05-21 22:31:59'),
	(307, 2, 'manual', 'End ok', '2016-05-21 22:33:29', '2016-05-21 22:33:33'),
	(308, 2, 'manual', 'End ok', '2016-05-21 22:34:53', '2016-05-21 22:34:56'),
	(309, 2, 'manual', 'End error', '2016-05-21 22:35:40', '2016-05-21 22:35:48'),
	(310, 2, 'manual', 'End error', '2016-05-21 22:36:50', '2016-05-21 22:37:02'),
	(311, 2, 'manual', 'End error', '2016-05-22 08:09:32', '2016-05-22 08:09:47'),
	(312, 2, 'manual', 'End error', '2016-05-22 08:10:50', '2016-05-22 08:11:04'),
	(313, 2, 'manual', 'End error', '2016-05-22 08:48:29', '2016-05-22 08:48:43'),
	(314, 2, 'manual', 'End error', '2016-05-22 08:49:49', '2016-05-22 08:50:04'),
	(315, 2, 'manual', 'End error', '2016-05-22 08:50:15', '2016-05-22 08:50:29'),
	(316, 2, 'manual', 'End error', '2016-05-22 08:54:15', '2016-05-22 08:54:29'),
	(317, 2, 'manual', 'End error', '2016-05-22 08:55:17', '2016-05-22 08:55:31'),
	(318, 2, 'manual', 'End error', '2016-05-22 08:55:45', '2016-05-22 08:55:59'),
	(319, 2, 'manual', 'End error', '2016-05-22 08:57:28', '2016-05-22 08:57:42'),
	(320, 2, 'manual', 'End error', '2016-05-22 08:59:16', '2016-05-22 08:59:30'),
	(321, 2, 'manual', 'End error', '2016-05-22 09:04:44', '2016-05-22 09:04:58'),
	(322, 2, 'manual', 'End error', '2016-05-22 09:08:26', '2016-05-22 09:08:40'),
	(323, 2, 'manual', 'End error', '2016-05-22 09:09:34', '2016-05-22 09:09:49'),
	(324, 2, 'manual', 'End error', '2016-05-22 09:24:09', '2016-05-22 09:24:19'),
	(325, 2, 'manual', 'End ok', '2016-05-22 09:25:21', '2016-05-22 09:25:28'),
	(326, 1, 'manual', 'End ok', '2016-07-18 22:03:30', '2016-08-11 22:25:43'),
	(327, 2, 'manual', 'End ok', '2016-07-18 22:04:05', '2016-08-12 07:29:00'),
	(328, 2, 'manual', 'End ok', '2016-08-11 21:46:41', '2016-08-12 07:29:26'),
	(329, 2, 'manual', 'End ok', '2016-08-11 22:05:24', '2016-08-12 07:32:36'),
	(330, 2, 'manual', 'End ok', '2016-08-11 22:07:00', '2016-08-12 07:36:52'),
	(331, 2, 'manual', 'End ok', '2016-08-11 22:08:25', '2016-08-13 15:56:34'),
	(332, 1, 'manual', 'End ok', '2016-08-11 22:10:45', '2016-08-14 21:03:00'),
	(333, 1, 'manual', 'End ok', '2016-08-11 22:11:52', '2016-08-14 21:06:01'),
	(334, 2, 'manual', 'End ok', '2016-08-11 22:25:40', '2016-08-14 21:53:00'),
	(335, 2, 'manual', 'End ok', '2016-08-11 22:28:36', '2016-08-14 22:08:53'),
	(345, 11, 'manual', 'End error', '2016-08-14 22:10:35', '2016-08-14 22:10:44'),
	(346, 11, 'manual', 'End ok', '2016-08-14 22:14:37', '2016-08-14 22:14:45'),
	(347, 11, 'manual', 'End error', '2016-08-14 22:53:48', '2016-08-14 22:53:59'),
	(348, 11, 'manual', 'End ok', '2016-08-14 22:54:27', '2016-08-14 22:54:39'),
	(349, 11, 'cron', 'End ok', '2016-08-14 22:57:00', '2016-08-14 22:57:07'),
	(350, 11, 'cron', 'End error', '2016-08-14 22:58:00', '2016-08-14 22:58:05'),
	(351, 11, 'cron', 'End ok', '2016-08-14 23:00:00', '2016-08-14 23:00:07'),
	(352, 11, 'manual', 'End error', '2016-08-15 07:41:12', '2016-08-15 07:41:29'),
	(353, 11, 'manual', 'End error', '2016-08-15 07:44:21', '2016-08-15 07:44:38'),
	(354, 11, 'manual', 'End error', '2016-08-15 08:12:35', '2016-08-15 08:12:52'),
	(355, 11, 'manual', 'End error', '2016-08-15 22:58:40', '2016-08-15 22:58:59'),
	(356, 11, 'manual', 'End error', '2016-08-15 22:59:35', '2016-08-15 22:59:52'),
	(357, 11, 'manual', 'End error', '2016-08-15 23:01:01', '2016-08-15 23:01:18'),
	(358, 11, 'manual', 'End error', '2016-08-15 23:01:32', '2016-08-15 23:01:48'),
	(359, 11, 'manual', 'End error', '2016-08-15 23:02:06', '2016-08-15 23:02:22'),
	(360, 11, 'manual', 'End error', '2016-08-16 18:29:10', '2016-08-16 18:29:27'),
	(361, 11, 'manual', 'End error', '2016-08-16 18:30:05', '2016-08-16 18:30:15'),
	(362, 11, 'manual', 'End error', '2016-08-16 18:31:12', '2016-08-16 18:31:28'),
	(363, 11, 'manual', 'End error', '2016-08-16 18:32:31', '2016-08-16 18:32:48'),
	(364, 11, 'manual', 'started', '2016-08-17 17:32:18', '2016-08-17 17:32:18'),
	(365, 11, 'manual', 'End ok', '2016-08-17 17:33:00', '2016-08-17 17:33:07'),
	(366, 11, 'manual', 'End ok', '2016-08-17 17:42:42', '2016-08-17 17:42:48'),
	(367, 11, 'manual', 'End ok', '2016-08-17 17:42:56', '2016-08-17 17:43:02'),
	(368, 11, 'manual', 'End ok', '2016-08-17 17:45:16', '2016-08-17 17:45:24'),
	(369, 11, 'manual', 'started', '2016-08-17 17:45:19', '2016-08-17 17:45:19'),
	(370, 11, 'manual', 'End ok', '2016-08-17 17:45:33', '2016-08-17 17:45:39'),
	(371, 11, 'manual', 'End ok', '2016-08-17 17:46:20', '2016-08-17 17:46:26'),
	(372, 11, 'manual', 'started', '2016-08-17 17:47:49', '2016-08-17 17:47:49'),
	(373, 11, 'manual', 'started', '2016-08-17 17:49:34', '2016-08-17 17:49:34'),
	(374, 11, 'manual', 'End ok', '2016-08-17 17:50:47', '2016-08-17 17:50:54'),
	(375, 11, 'manual', 'started', '2016-08-17 17:51:18', '2016-08-17 17:51:18'),
	(376, 11, 'manual', 'started', '2016-08-17 17:57:28', '2016-08-17 17:57:28'),
	(377, 11, 'manual', 'End ok', '2016-08-17 18:02:43', '2016-08-17 18:02:50'),
	(378, 11, 'manual', 'started', '2016-08-17 18:05:36', '2016-08-17 18:05:36'),
	(379, 11, 'manual', 'End ok', '2016-08-17 18:15:48', '2016-08-17 18:15:55'),
	(380, 11, 'manual', 'End ok', '2016-08-17 18:17:06', '2016-08-17 18:17:13'),
	(381, 11, 'manual', 'End ok', '2016-08-17 18:18:53', '2016-08-17 18:19:00'),
	(382, 11, 'manual', 'started', '2016-08-17 18:22:01', '2016-08-17 18:22:01'),
	(383, 11, 'manual', 'End ok', '2016-08-17 18:24:09', '2016-08-17 18:24:16'),
	(384, 11, 'manual', 'End ok', '2016-08-18 21:54:30', '2016-08-18 21:56:12'),
	(385, 11, 'manual', 'started', '2016-08-18 21:59:28', '2016-08-18 21:59:28'),
	(386, 11, 'manual', 'End ok', '2016-08-18 22:07:25', '2016-08-18 22:07:31'),
	(387, 11, 'manual', 'End ok', '2016-08-18 22:09:02', '2016-08-18 22:09:09'),
	(388, 11, 'manual', 'End ok', '2016-08-18 22:09:26', '2016-08-18 22:09:32'),
	(389, 11, 'manual', 'started', '2016-08-18 22:13:32', '2016-08-18 22:13:32'),
	(390, 11, 'manual', 'started', '2016-08-18 22:18:45', '2016-08-18 22:18:45'),
	(391, 11, 'manual', 'End ok', '2016-08-18 22:20:35', '2016-08-18 22:20:53'),
	(392, 11, 'manual', 'End ok', '2016-08-18 22:25:29', '2016-08-18 22:25:36'),
	(393, 11, 'manual', 'End ok', '2016-08-18 22:25:50', '2016-08-18 22:26:09'),
	(394, 11, 'manual', 'End ok', '2016-08-18 22:27:04', '2016-08-18 22:27:16'),
	(395, 11, 'manual', 'started', '2016-08-18 22:27:24', '2016-08-18 22:27:24'),
	(396, 11, 'manual', 'End ok', '2016-08-18 22:37:13', '2016-08-18 22:37:19'),
	(397, 11, 'manual', 'End ok', '2016-08-18 22:37:51', '2016-08-18 22:37:57'),
	(398, 11, 'manual', 'End ok', '2016-08-18 22:38:13', '2016-08-18 22:38:17'),
	(399, 11, 'manual', 'End ok', '2016-08-22 21:26:46', '2016-08-22 21:27:12'),
	(400, 11, 'manual', 'End ok', '2016-08-22 21:31:24', '2016-08-22 21:31:32'),
	(401, 11, 'manual', 'End error', '2016-08-22 21:31:40', '2016-08-22 21:34:50'),
	(402, 11, 'manual', 'End ok', '2016-08-22 21:34:34', '2016-08-22 21:37:41'),
	(403, 11, 'manual', 'End ok', '2016-08-22 21:34:55', '2016-08-22 21:37:58'),
	(404, 11, 'manual', 'End ok', '2016-08-22 21:37:33', '2016-08-22 21:40:24'),
	(405, 11, 'manual', 'End ok', '2016-08-22 21:37:49', '2016-08-22 21:41:07'),
	(406, 11, 'manual', 'End ok', '2016-08-22 21:40:15', '2016-08-22 21:42:23'),
	(407, 11, 'manual', 'End ok', '2016-08-22 21:40:57', '2016-08-22 21:43:26'),
	(408, 11, 'manual', 'started', '2016-08-22 21:42:11', '2016-08-22 21:42:11'),
	(409, 11, 'manual', 'Stopped', '2016-08-22 21:43:16', '2016-08-22 22:01:07'),
	(410, 11, 'manual', 'Stopped manual', '2016-08-22 22:00:34', '2016-08-22 22:02:06'),
	(411, 11, 'manual', 'End ok', '2016-08-22 22:00:58', '2016-08-22 22:06:46'),
	(412, 11, 'manual', 'End ok', '2016-08-22 22:01:57', '2016-08-22 22:06:57'),
	(413, 11, 'manual', 'End ok', '2016-08-22 22:06:36', '2016-08-22 22:07:06'),
	(414, 11, 'manual', 'End ok', '2016-08-22 22:07:34', '2016-08-22 22:07:46'),
	(415, 11, 'manual', 'End ok', '2016-08-22 22:11:44', '2016-08-22 22:11:56'),
	(416, 11, 'manual', 'End ok', '2016-08-22 22:12:16', '2016-08-22 22:12:26'),
	(417, 11, 'manual', 'End ok', '2016-08-22 22:15:08', '2016-08-22 22:15:18'),
	(418, 11, 'manual', 'End ok', '2016-08-22 22:15:40', '2016-08-22 22:15:51'),
	(419, 11, 'manual', 'End ok', '2016-08-22 22:16:05', '2016-08-22 22:16:15'),
	(420, 11, 'manual', 'End ok', '2016-08-22 22:20:56', '2016-08-22 22:21:06'),
	(421, 11, 'manual', 'End ok', '2016-08-22 22:26:55', '2016-08-22 22:27:03'),
	(422, 11, 'manual', 'End ok', '2016-08-30 21:31:19', '2016-08-30 21:31:26'),
	(423, 11, 'manual', 'End ok', '2016-08-30 21:32:23', '2016-08-30 21:32:30'),
	(424, 11, 'manual', 'End ok', '2016-08-30 21:33:31', '2016-08-30 21:33:37'),
	(425, 11, 'manual', 'End ok', '2016-08-30 21:46:29', '2016-08-30 21:46:38'),
	(426, 11, 'manual', 'End ok', '2016-08-30 21:47:12', '2016-08-30 21:47:18'),
	(427, 11, 'manual', 'End ok', '2016-08-30 21:48:12', '2016-08-30 21:48:18'),
	(428, 11, 'manual', 'End ok', '2016-08-30 21:52:59', '2016-08-30 21:53:04'),
	(429, 11, 'manual', 'End ok', '2016-08-30 21:53:31', '2016-08-30 21:53:37'),
	(430, 11, 'manual', 'End ok', '2016-08-30 21:55:16', '2016-08-30 21:55:23'),
	(431, 11, 'manual', 'End ok', '2016-08-30 21:55:46', '2016-08-30 21:55:52'),
	(432, 11, 'manual', 'End ok', '2016-08-30 22:05:46', '2016-08-30 22:05:53'),
	(433, 11, 'manual', 'End ok', '2016-08-30 22:08:43', '2016-08-30 22:08:49'),
	(434, 11, 'manual', 'End ok', '2016-08-30 22:09:39', '2016-08-30 22:09:46'),
	(435, 11, 'manual', 'End ok', '2016-08-30 22:10:17', '2016-08-30 22:10:23'),
	(436, 11, 'manual', 'End ok', '2016-08-30 22:11:17', '2016-08-30 22:11:24'),
	(437, 11, 'manual', 'End ok', '2016-08-30 22:17:54', '2016-08-30 22:18:00'),
	(438, 11, 'manual', 'End ok', '2016-08-30 22:19:10', '2016-08-30 22:19:16'),
	(439, 11, 'manual', 'End ok', '2016-08-30 22:19:41', '2016-08-30 22:19:47'),
	(440, 11, 'manual', 'End ok', '2016-08-30 22:22:27', '2016-08-30 22:22:33'),
	(441, 11, 'manual', 'End ok', '2016-08-30 22:25:48', '2016-08-30 22:25:55'),
	(442, 11, 'manual', 'End ok', '2016-08-30 22:26:54', '2016-08-30 22:27:00'),
	(443, 11, 'manual', 'End ok', '2016-08-30 22:27:08', '2016-08-30 22:27:14'),
	(444, 11, 'manual', 'End ok', '2016-08-30 22:30:14', '2016-08-30 22:30:21'),
	(445, 11, 'manual', 'End ok', '2016-08-30 22:30:56', '2016-08-30 22:31:02'),
	(446, 11, 'manual', 'End ok', '2016-08-30 22:49:53', '2016-08-30 22:50:00'),
	(447, 11, 'manual', 'End ok', '2016-08-30 22:52:34', '2016-08-30 22:52:41'),
	(448, 1, 'cron', 'End ok', '2016-10-02 21:53:00', '2016-10-03 23:04:57'),
	(449, 11, 'manual', 'End ok', '2016-10-03 23:04:57', '2016-10-03 23:05:15'),
	(450, 11, 'manual', 'started', '2016-10-04 22:27:11', '2016-10-04 22:27:11'),
	(451, 11, 'manual', 'started', '2016-10-04 22:28:45', '2016-10-04 22:28:45'),
	(452, 11, 'manual', 'started', '2016-10-04 22:29:53', '2016-10-04 22:29:53'),
	(453, 11, 'manual', 'started', '2016-10-04 22:32:49', '2016-10-04 22:32:49'),
	(454, 11, 'manual', 'End ok', '2016-10-04 22:33:53', '2016-10-04 22:33:53'),
	(455, 11, 'manual', 'End ok', '2016-10-09 16:50:28', '2016-10-09 16:50:50'),
	(456, 11, 'manual', 'End ok', '2016-10-09 16:52:15', '2016-10-09 16:52:35'),
	(457, 11, 'manual', 'End ok', '2016-10-09 17:42:57', '2016-10-09 17:42:57'),
	(458, 11, 'manual', 'End ok', '2016-10-09 18:12:11', '2016-10-09 18:12:18'),
	(459, 11, 'manual', 'End ok', '2016-10-09 18:13:51', '2016-10-09 18:13:57'),
	(460, 11, 'manual', 'End ok', '2016-10-09 18:18:44', '2016-10-09 18:18:53'),
	(461, 11, 'manual', 'End ok', '2016-10-09 18:19:21', '2016-10-09 18:19:28'),
	(462, 11, 'manual', 'End error', '2016-10-09 18:20:54', '2016-10-09 18:20:58'),
	(463, 11, 'manual', 'End ok', '2016-10-09 18:22:54', '2016-10-09 18:22:56'),
	(464, 11, 'manual', 'End error', '2016-10-09 18:23:49', '2016-10-09 18:23:53'),
	(465, 11, 'manual', 'started', '2016-10-09 18:24:55', '2016-10-09 18:24:55'),
	(466, 11, 'manual', 'started', '2016-10-09 18:25:31', '2016-10-09 18:25:31'),
	(467, 11, 'manual', 'started', '2016-10-09 18:25:35', '2016-10-09 18:25:35'),
	(468, 11, 'manual', 'started', '2016-10-09 18:25:37', '2016-10-09 18:25:37'),
	(469, 11, 'manual', 'started', '2016-10-09 18:26:52', '2016-10-09 18:26:52'),
	(470, 11, 'manual', 'started', '2016-10-10 22:46:08', '2016-10-10 22:46:08'),
	(471, 11, 'manual', 'End error', '2016-10-10 22:49:24', '2016-10-10 22:57:37'),
	(472, 11, 'manual', 'End error', '2016-10-10 22:51:38', '2016-10-10 22:58:34'),
	(473, 11, 'manual', 'started', '2016-10-10 22:52:30', '2016-10-10 22:52:30'),
	(474, 11, 'manual', 'started', '2016-10-10 22:56:21', '2016-10-10 22:56:21'),
	(475, 11, 'manual', 'started', '2016-10-10 23:01:05', '2016-10-10 23:01:05'),
	(476, 11, 'manual', 'started', '2016-10-10 23:03:32', '2016-10-10 23:03:32'),
	(477, 11, 'manual', 'started', '2016-10-10 23:04:29', '2016-10-10 23:04:29'),
	(478, 11, 'manual', 'started', '2016-10-10 23:06:33', '2016-10-10 23:06:33'),
	(479, 11, 'manual', 'End ok', '2016-10-10 23:09:19', '2016-10-10 23:13:35'),
	(480, 11, 'manual', 'End ok', '2016-10-10 23:10:50', '2016-10-10 23:13:37'),
	(481, 11, 'manual', 'End ok', '2016-10-10 23:13:33', '2016-10-10 23:13:39'),
	(482, 11, 'manual', 'End ok', '2016-10-10 23:16:02', '2016-10-10 23:16:04'),
	(483, 11, 'manual', 'End ok', '2016-10-16 09:15:17', '2016-10-16 09:15:18'),
	(484, 11, 'manual', 'End ok', '2016-10-16 09:21:09', '2016-10-16 09:21:13'),
	(485, 11, 'manual', 'End error', '2016-10-16 09:26:20', '2016-10-16 09:26:24'),
	(486, 11, 'manual', 'End ok', '2016-10-16 09:26:35', '2016-10-16 09:26:36'),
	(487, 11, 'manual', 'End error', '2016-10-16 09:31:14', '2016-10-16 09:31:17'),
	(488, 11, 'manual', 'End error', '2016-10-16 09:34:38', '2016-10-16 09:34:40'),
	(489, 11, 'manual', 'End error', '2016-10-16 09:36:37', '2016-10-16 09:36:41'),
	(490, 11, 'manual', 'started', '2016-10-16 09:42:33', '2016-10-16 09:42:33'),
	(491, 11, 'manual', 'End error', '2016-10-16 09:42:53', '2016-10-16 09:42:55'),
	(492, 11, 'manual', 'End error', '2016-10-16 09:45:25', '2016-10-16 09:45:28'),
	(493, 11, 'manual', 'End error', '2016-10-16 09:55:37', '2016-10-16 09:55:38'),
	(494, 11, 'manual', 'End error', '2016-10-16 09:56:00', '2016-10-16 09:56:03'),
	(495, 11, 'manual', 'End error', '2016-10-16 10:01:16', '2016-10-16 10:01:17'),
	(496, 11, 'manual', 'End error', '2016-10-16 10:03:55', '2016-10-16 10:03:57'),
	(497, 11, 'manual', 'End error', '2016-10-16 10:06:04', '2016-10-16 10:06:06'),
	(498, 11, 'manual', 'End error', '2016-10-16 10:07:26', '2016-10-16 10:07:28'),
	(499, 11, 'manual', 'End error', '2016-10-16 10:09:11', '2016-10-16 10:09:14'),
	(500, 11, 'manual', 'End error', '2016-10-16 10:12:57', '2016-10-16 10:12:59'),
	(501, 11, 'manual', 'End error', '2016-10-16 10:13:59', '2016-10-16 10:14:00'),
	(502, 11, 'manual', 'End error', '2016-10-16 10:15:02', '2016-10-16 10:15:04'),
	(503, 11, 'manual', 'End error', '2016-10-16 10:28:47', '2016-10-16 10:28:49'),
	(504, 11, 'manual', 'End error', '2016-10-16 10:32:17', '2016-10-16 10:32:22'),
	(505, 11, 'manual', 'End error', '2016-10-16 10:34:03', '2016-10-16 10:34:05'),
	(506, 11, 'manual', 'End error', '2016-10-16 10:36:44', '2016-10-16 10:36:48'),
	(507, 11, 'manual', 'End OK', '2016-10-16 10:39:16', '2016-10-16 10:39:18'),
	(508, 11, 'manual', 'End OK', '2016-10-16 10:41:45', '2016-10-16 10:42:06'),
	(509, 11, 'manual', 'End OK', '2016-10-16 10:44:31', '2016-10-16 10:44:38'),
	(510, 11, 'manual', 'End OK', '2016-10-16 10:47:10', '2016-10-16 10:47:15'),
	(511, 11, 'manual', 'End OK', '2016-10-16 10:49:04', '2016-10-16 10:49:26'),
	(512, 11, 'manual', 'End OK', '2016-10-16 10:54:33', '2016-10-16 10:54:55'),
	(513, 11, 'manual', 'End OK', '2016-10-16 11:05:14', '2016-10-16 11:05:38'),
	(514, 11, 'manual', 'End OK', '2016-10-16 11:09:07', '2016-10-16 11:09:19'),
	(515, 11, 'manual', 'End OK', '2016-10-16 11:16:10', '2016-10-16 11:16:24'),
	(516, 11, 'manual', 'End error', '2016-10-16 11:24:17', '2016-10-16 11:24:31'),
	(517, 11, 'manual', 'End ok', '2016-10-16 11:25:23', '2016-10-16 11:25:26'),
	(518, 11, 'manual', 'End error', '2016-10-16 11:27:41', '2016-10-16 11:27:53'),
	(519, 11, 'manual', 'End ok', '2016-10-16 12:45:37', '2016-10-16 12:45:42'),
	(520, 11, 'manual', 'End ok', '2016-10-16 12:47:56', '2016-10-16 12:48:00'),
	(521, 11, 'manual', 'End ok', '2016-10-16 12:49:41', '2016-10-16 12:49:45'),
	(522, 11, 'manual', 'End ok', '2016-10-16 12:52:03', '2016-10-16 12:52:05'),
	(523, 11, 'manual', 'started', '2016-10-16 12:54:08', '2016-10-16 12:54:08'),
	(524, 11, 'manual', 'End ok', '2016-10-16 12:57:37', '2016-10-16 12:57:42'),
	(525, 11, 'manual', 'started', '2016-10-16 19:57:22', '2016-10-16 19:57:22'),
	(526, 11, 'manual', 'started', '2016-10-16 20:03:34', '2016-10-16 20:03:34'),
	(527, 11, 'manual', 'started', '2016-10-16 20:04:45', '2016-10-16 20:04:45'),
	(528, 11, 'manual', 'End error', '2016-10-16 20:06:24', '2016-10-16 20:06:27'),
	(529, 11, 'manual', 'started', '2016-10-16 20:07:14', '2016-10-16 20:07:14'),
	(530, 11, 'manual', 'started', '2016-10-16 20:11:39', '2016-10-16 20:11:39'),
	(531, 11, 'manual', 'started', '2016-10-16 20:14:39', '2016-10-16 20:14:39'),
	(532, 11, 'manual', 'End error', '2016-10-16 20:17:39', '2016-10-16 20:18:00'),
	(533, 11, 'manual', 'End error', '2016-10-16 20:19:57', '2016-10-16 20:19:59'),
	(534, 11, 'manual', 'End error', '2016-10-16 20:23:30', '2016-10-16 20:23:42'),
	(535, 11, 'manual', 'End error', '2016-10-16 20:44:27', '2016-10-16 20:44:38'),
	(536, 11, 'manual', 'End error', '2016-10-16 20:53:18', '2016-10-16 20:53:30'),
	(537, 11, 'manual', 'End error', '2016-10-16 20:55:36', '2016-10-16 20:55:49'),
	(538, 11, 'manual', 'End error', '2016-10-16 20:57:43', '2016-10-16 20:57:55'),
	(539, 1, 'cron', 'End ok', '2016-10-16 21:03:00', '2016-10-16 21:21:35'),
	(540, 1, 'cron', 'End ok', '2016-10-16 21:06:00', '2016-10-16 21:21:35'),
	(541, 11, 'manual', 'End error', '2016-10-16 21:21:35', '2016-10-16 21:21:46'),
	(542, 11, 'manual', 'End error', '2016-10-16 21:21:52', '2016-10-16 21:22:02'),
	(543, 11, 'manual', 'started', '2016-10-16 21:22:51', '2016-10-16 21:22:51'),
	(544, 11, 'manual', 'started', '2016-10-16 21:23:26', '2016-10-16 21:23:26'),
	(545, 11, 'manual', 'End error', '2016-10-16 21:24:13', '2016-10-16 21:24:25'),
	(546, 11, 'manual', 'started', '2016-10-16 21:25:02', '2016-10-16 21:25:02'),
	(547, 11, 'manual', 'End error', '2016-10-16 21:29:51', '2016-10-16 21:29:53'),
	(548, 1, 'cron', 'End ok', '2016-10-16 21:53:00', '2017-03-11 11:55:41'),
	(549, 11, 'cron', 'started', '2016-10-23 23:00:00', '2016-10-23 23:00:00'),
	(550, 1, 'cron', 'End ok', '2017-01-22 21:03:06', '2017-03-20 21:56:20'),
	(551, 1, 'cron', 'End ok', '2017-01-22 21:06:00', '2017-03-20 21:56:20'),
	(552, 11, 'manual', 'started', '2017-03-11 11:55:40', '2017-03-11 11:55:40'),
	(553, 1, 'cron', 'End ok', '2017-03-12 21:03:00', '2017-04-02 18:39:50'),
	(554, 1, 'cron', 'End ok', '2017-03-12 21:06:00', '2017-04-02 18:39:50'),
	(555, 1, 'cron', 'End ok', '2017-03-19 21:03:01', '2017-04-02 18:39:50'),
	(556, 1, 'cron', 'End ok', '2017-03-19 21:06:00', '2017-04-02 18:39:50'),
	(557, 1, 'cron', 'End ok', '2017-03-19 21:53:00', '2017-04-02 18:39:50'),
	(558, 11, 'manual', 'started', '2017-03-20 21:56:19', '2017-03-20 21:56:19'),
	(559, 11, 'manual', 'started', '2017-04-02 18:39:49', '2017-04-02 18:39:49'),
	(560, 1, 'cron', 'End ok', '2017-04-02 21:03:00', '2017-07-16 16:36:12'),
	(561, 1, 'cron', 'End ok', '2017-04-02 21:06:00', '2017-07-16 16:36:12'),
	(562, 1, 'cron', 'End ok', '2017-04-02 21:53:00', '2017-07-16 16:36:12'),
	(563, 11, 'cron', 'started', '2017-04-02 23:00:00', '2017-04-02 23:00:00'),
	(564, 11, 'manual', 'wait', '2017-06-18 22:01:09', '2017-06-18 22:01:09'),
	(565, 11, 'manual', 'wait', '2017-07-16 16:36:12', '2017-07-16 16:36:12');
/*!40000 ALTER TABLE `tasks_complited` ENABLE KEYS */;

-- Дамп структуры для таблица saveconfig.tasks_complited_loging
DROP TABLE IF EXISTS `tasks_complited_loging`;
CREATE TABLE IF NOT EXISTS `tasks_complited_loging` (
  `idtaskcomplog` int(11) unsigned NOT NULL AUTO_INCREMENT,
  `taskcompid` int(11) DEFAULT NULL,
  `comment` varchar(100) NOT NULL DEFAULT '',
  `status` varchar(100) NOT NULL DEFAULT '',
  `timeinsert` datetime NOT NULL DEFAULT CURRENT_TIMESTAMP,
  PRIMARY KEY (`idtaskcomplog`)
) ENGINE=InnoDB AUTO_INCREMENT=908 DEFAULT CHARSET=utf8 ROW_FORMAT=COMPACT;

-- Дамп данных таблицы saveconfig.tasks_complited_loging: ~793 rows (приблизительно)
/*!40000 ALTER TABLE `tasks_complited_loging` DISABLE KEYS */;
INSERT INTO `tasks_complited_loging` (`idtaskcomplog`, `taskcompid`, `comment`, `status`, `timeinsert`) VALUES
	(1, 112, 'test', 'status', '2016-01-31 09:52:06'),
	(2, 223, 'Start process', 'OK', '2016-05-07 22:11:10'),
	(3, 224, 'Start process', 'OK', '2016-05-07 22:12:06'),
	(4, 225, 'Start process', 'OK', '2016-05-07 22:16:35'),
	(5, 225, 'End process', 'OK', '2016-05-07 22:16:35'),
	(6, 226, 'Start process', 'OK', '2016-05-08 21:39:39'),
	(7, 226, 'End process', 'OK', '2016-05-08 21:39:39'),
	(8, 297, 'Device IP:10.1.1.20\nTimeout promt wait for:Username: command order:1', 'Error', '2016-05-21 21:15:05'),
	(9, 297, 'Device IP:10.1.1.20\nTimeout promt wait for:~$ command order:101', 'Error', '2016-05-21 21:15:06'),
	(10, 297, 'Device IP:10.1.1.21\nTimeout promt wait for:Username: command order:1', 'Error', '2016-05-21 21:15:11'),
	(11, 297, 'Device IP:10.1.1.21\nTimeout promt wait for:~$ command order:101', 'Error', '2016-05-21 21:15:12'),
	(12, 298, 'Device Name:10.1.1.20Device IP:10.1.1.20', 'OK', '2016-05-21 22:08:41'),
	(13, 298, 'Device Name:10.1.1.21Device IP:10.1.1.21', 'OK', '2016-05-21 22:08:43'),
	(14, 299, 'Device Name:10.1.1.20Device IP:10.1.1.20', 'OK', '2016-05-21 22:18:38'),
	(15, 299, 'Device Name:10.1.1.21Device IP:10.1.1.21', 'OK', '2016-05-21 22:18:40'),
	(16, 300, 'Device Name:10.1.1.20Device IP:10.1.1.20', 'OK', '2016-05-21 22:21:41'),
	(17, 300, 'Device Name:10.1.1.21Device IP:10.1.1.21', 'OK', '2016-05-21 22:21:43'),
	(18, 301, 'Device Name:10.1.1.20Device IP:10.1.1.20', 'OK', '2016-05-21 22:23:20'),
	(19, 301, 'Device Name:10.1.1.21Device IP:10.1.1.21', 'OK', '2016-05-21 22:23:22'),
	(20, 302, 'Device Name:10.1.1.20Device IP:10.1.1.20', 'OK', '2016-05-21 22:24:33'),
	(21, 302, 'Device Name:10.1.1.21Device IP:10.1.1.21', 'OK', '2016-05-21 22:24:35'),
	(22, 303, 'Device Name:10.1.1.20Device IP:10.1.1.20', 'OK', '2016-05-21 22:27:01'),
	(23, 303, 'Device Name:10.1.1.21Device IP:10.1.1.21', 'OK', '2016-05-21 22:27:04'),
	(24, 304, 'Device Name:10.1.1.20Device IP:10.1.1.20', 'OK', '2016-05-21 22:27:13'),
	(25, 304, 'Device Name:10.1.1.21Device IP:10.1.1.21', 'OK', '2016-05-21 22:27:15'),
	(26, 305, 'Device Name:10.1.1.20Device IP:10.1.1.20', 'OK', '2016-05-21 22:29:24'),
	(27, 305, 'Device Name:10.1.1.21Device IP:10.1.1.21', 'OK', '2016-05-21 22:29:25'),
	(28, 306, 'Device Name:10.1.1.20Device IP:10.1.1.20', 'OK', '2016-05-21 22:31:57'),
	(29, 306, 'Device Name:10.1.1.21Device IP:10.1.1.21', 'OK', '2016-05-21 22:31:59'),
	(30, 307, 'Device Name:10.1.1.20Device IP:10.1.1.20', 'OK', '2016-05-21 22:33:31'),
	(31, 307, 'Device Name:10.1.1.21Device IP:10.1.1.21', 'OK', '2016-05-21 22:33:33'),
	(32, 308, 'Device Name:10.1.1.20Device IP:10.1.1.20', 'OK', '2016-05-21 22:34:55'),
	(33, 308, 'Device Name:10.1.1.21Device IP:10.1.1.21', 'OK', '2016-05-21 22:34:56'),
	(34, 309, 'Device Name:10.1.1.20Device IP:10.1.1.20', 'OK', '2016-05-21 22:35:41'),
	(35, 309, 'Device IP:10.1.1.21 Timeout promt wait for:Username: command order:1', 'Error', '2016-05-21 22:35:46'),
	(36, 309, 'Device IP:10.1.1.21 Timeout promt wait for:~$ command order:101', 'Error', '2016-05-21 22:35:47'),
	(37, 310, 'Device IP:10.1.1.20 Timeout promt wait for:Username: command order:1', 'Error', '2016-05-21 22:36:56'),
	(38, 310, 'Device IP:10.1.1.20 Timeout promt wait for:~$ command order:101', 'Error', '2016-05-21 22:36:57'),
	(39, 310, 'Device Name:10.1.1.21Device IP:10.1.1.21', 'OK', '2016-05-21 22:37:02'),
	(40, 311, 'Device IP:10.1.1.20 Timeout promt wait for:Username: command order:1', 'Error', '2016-05-22 08:09:38'),
	(41, 311, 'Device IP:10.1.1.20 Timeout promt wait for:~$ command order:101', 'Error', '2016-05-22 08:09:39'),
	(42, 311, 'Device IP:10.1.1.21 Timeout promt wait for:Username: command order:1', 'Error', '2016-05-22 08:09:45'),
	(43, 311, 'Device IP:10.1.1.21 Timeout promt wait for:~$ command order:101', 'Error', '2016-05-22 08:09:46'),
	(44, 312, 'Device IP:10.1.1.20 Timeout promt wait for:Username: command order:1', 'Error', '2016-05-22 08:10:56'),
	(45, 312, 'Device IP:10.1.1.20 Timeout promt wait for:~$ command order:101', 'Error', '2016-05-22 08:10:57'),
	(46, 312, 'Device IP:10.1.1.21 Timeout promt wait for:Username: command order:1', 'Error', '2016-05-22 08:11:03'),
	(47, 312, 'Device IP:10.1.1.21 Timeout promt wait for:~$ command order:101', 'Error', '2016-05-22 08:11:04'),
	(48, 313, 'connect to server:127.0.0.1', 'error', '2016-05-22 08:48:30'),
	(49, 313, 'Device IP:10.1.1.20 Timeout promt wait for:Username: command order:1', 'Error', '2016-05-22 08:48:35'),
	(50, 313, 'Device IP:10.1.1.20 Timeout promt wait for:~$ command order:101', 'Error', '2016-05-22 08:48:36'),
	(51, 313, 'Disconnect from server:localhost5', 'error', '2016-05-22 08:48:36'),
	(52, 313, 'connect to server:127.0.0.1', 'error', '2016-05-22 08:48:37'),
	(53, 313, 'Device IP:10.1.1.21 Timeout promt wait for:Username: command order:1', 'Error', '2016-05-22 08:48:42'),
	(54, 313, 'Device IP:10.1.1.21 Timeout promt wait for:~$ command order:101', 'Error', '2016-05-22 08:48:43'),
	(55, 313, 'Disconnect from server:localhost5', 'error', '2016-05-22 08:48:43'),
	(56, 313, 'connect to server:127.0.0.1', 'error', '2016-05-22 08:48:43'),
	(57, 313, 'Disconnect from server:localhost5', 'error', '2016-05-22 08:48:43'),
	(58, 314, 'connect to server:127.0.0.1', 'OK', '2016-05-22 08:49:50'),
	(59, 314, 'Device IP:10.1.1.20 Timeout promt wait for:Username: command order:1', 'Error', '2016-05-22 08:49:55'),
	(60, 314, 'Device IP:10.1.1.20 Timeout promt wait for:~$ command order:101', 'Error', '2016-05-22 08:49:56'),
	(61, 314, 'Disconnect from server:localhost5', 'error', '2016-05-22 08:49:57'),
	(62, 314, 'connect to server:127.0.0.1', 'OK', '2016-05-22 08:49:57'),
	(63, 314, 'Device IP:10.1.1.21 Timeout promt wait for:Username: command order:1', 'Error', '2016-05-22 08:50:02'),
	(64, 314, 'Device IP:10.1.1.21 Timeout promt wait for:~$ command order:101', 'Error', '2016-05-22 08:50:03'),
	(65, 314, 'Disconnect from server:localhost5', 'error', '2016-05-22 08:50:03'),
	(66, 314, 'connect to server:127.0.0.1', 'OK', '2016-05-22 08:50:04'),
	(67, 314, 'Disconnect from server:localhost5', 'error', '2016-05-22 08:50:04'),
	(68, 315, 'connect to server:127.0.0.1', 'OK', '2016-05-22 08:50:15'),
	(69, 315, 'Device IP:10.1.1.20 Timeout promt wait for:Username: command order:1', 'Error', '2016-05-22 08:50:20'),
	(70, 315, 'Device IP:10.1.1.20 Timeout promt wait for:~$ command order:101', 'Error', '2016-05-22 08:50:21'),
	(71, 315, 'Disconnect from server:localhost5', 'error', '2016-05-22 08:50:21'),
	(72, 315, 'connect to server:127.0.0.1', 'OK', '2016-05-22 08:50:22'),
	(73, 315, 'Device IP:10.1.1.21 Timeout promt wait for:Username: command order:1', 'Error', '2016-05-22 08:50:27'),
	(74, 315, 'Device IP:10.1.1.21 Timeout promt wait for:~$ command order:101', 'Error', '2016-05-22 08:50:28'),
	(75, 315, 'Disconnect from server:localhost5', 'error', '2016-05-22 08:50:28'),
	(76, 315, 'connect to server:127.0.0.1', 'OK', '2016-05-22 08:50:29'),
	(77, 315, 'Disconnect from server:localhost5', 'error', '2016-05-22 08:50:29'),
	(78, 316, 'connect to server:127.0.0.1', 'OK', '2016-05-22 08:54:16'),
	(79, 316, 'Device IP:10.1.1.20 Timeout promt wait for:Username: command order:1', 'Error', '2016-05-22 08:54:21'),
	(80, 316, 'Device IP:10.1.1.20 Timeout promt wait for:~$ command order:101', 'Error', '2016-05-22 08:54:22'),
	(81, 316, 'Disconnect from server:localhost5', 'error', '2016-05-22 08:54:22'),
	(82, 316, 'connect to server:127.0.0.1', 'OK', '2016-05-22 08:54:22'),
	(83, 316, 'Device IP:10.1.1.21 Timeout promt wait for:Username: command order:1', 'Error', '2016-05-22 08:54:27'),
	(84, 316, 'Device IP:10.1.1.21 Timeout promt wait for:~$ command order:101', 'Error', '2016-05-22 08:54:28'),
	(85, 316, 'Disconnect from server:localhost5', 'error', '2016-05-22 08:54:28'),
	(86, 316, 'connect to server:127.0.0.1', 'OK', '2016-05-22 08:54:29'),
	(87, 316, 'Disconnect from server:localhost5', 'error', '2016-05-22 08:54:29'),
	(88, 317, 'Connected to server:127.0.0.1', 'OK', '2016-05-22 08:55:18'),
	(89, 317, 'Device IP:10.1.1.20 Timeout promt wait for:Username: command order:1', 'Error', '2016-05-22 08:55:23'),
	(90, 317, 'Device IP:10.1.1.20 Timeout promt wait for:~$ command order:101', 'Error', '2016-05-22 08:55:24'),
	(91, 317, 'Disconnect from server:localhost5', 'error', '2016-05-22 08:55:24'),
	(92, 317, 'Connected to server:127.0.0.1', 'OK', '2016-05-22 08:55:25'),
	(93, 317, 'Device IP:10.1.1.21 Timeout promt wait for:Username: command order:1', 'Error', '2016-05-22 08:55:30'),
	(94, 317, 'Device IP:10.1.1.21 Timeout promt wait for:~$ command order:101', 'Error', '2016-05-22 08:55:31'),
	(95, 317, 'Disconnect from server:localhost5', 'error', '2016-05-22 08:55:31'),
	(96, 317, 'Connected to server:127.0.0.1', 'OK', '2016-05-22 08:55:31'),
	(97, 317, 'Disconnect from server:localhost5', 'error', '2016-05-22 08:55:31'),
	(98, 318, 'Connected to server:127.0.0.1', 'OK', '2016-05-22 08:55:45'),
	(99, 318, 'Device IP:10.1.1.20 Timeout promt wait for:Username: command order:1', 'Error', '2016-05-22 08:55:50'),
	(100, 318, 'Device IP:10.1.1.20 Timeout promt wait for:~$ command order:101', 'Error', '2016-05-22 08:55:51'),
	(101, 318, 'Disconnect from server:localhost5', 'error', '2016-05-22 08:55:51'),
	(102, 318, 'Connected to server:127.0.0.1', 'OK', '2016-05-22 08:55:52'),
	(103, 318, 'Device IP:10.1.1.21 Timeout promt wait for:Username: command order:1', 'Error', '2016-05-22 08:55:57'),
	(104, 318, 'Device IP:10.1.1.21 Timeout promt wait for:~$ command order:101', 'Error', '2016-05-22 08:55:58'),
	(105, 318, 'Disconnect from server:localhost5', 'error', '2016-05-22 08:55:58'),
	(106, 318, 'Connected to server:127.0.0.1', 'OK', '2016-05-22 08:55:59'),
	(107, 318, 'Disconnect from server:localhost5', 'error', '2016-05-22 08:55:59'),
	(108, 319, 'Connected to server:127.0.0.1', 'OK', '2016-05-22 08:57:29'),
	(109, 319, 'Device IP:10.1.1.20 Timeout promt wait for:Username: command order:1', 'Error', '2016-05-22 08:57:34'),
	(110, 319, 'Device IP:10.1.1.20 Timeout promt wait for:~$ command order:101', 'Error', '2016-05-22 08:57:35'),
	(111, 319, 'Disconnect from server:localhost5', 'error', '2016-05-22 08:57:35'),
	(112, 319, 'Connected to server:127.0.0.1', 'OK', '2016-05-22 08:57:36'),
	(113, 319, 'Device IP:10.1.1.21 Timeout promt wait for:Username: command order:1', 'Error', '2016-05-22 08:57:41'),
	(114, 319, 'Device IP:10.1.1.21 Timeout promt wait for:~$ command order:101', 'Error', '2016-05-22 08:57:42'),
	(115, 319, 'Disconnect from server:localhost5', 'error', '2016-05-22 08:57:42'),
	(116, 319, 'Connected to server:127.0.0.1', 'OK', '2016-05-22 08:57:42'),
	(117, 319, 'Disconnect from server:localhost5', 'error', '2016-05-22 08:57:42'),
	(118, 320, 'Connected to server:127.0.0.1', 'OK', '2016-05-22 08:59:17'),
	(119, 320, 'Device IP:10.1.1.20 Timeout promt wait for:Username: command order:1', 'Error', '2016-05-22 08:59:22'),
	(120, 320, 'Device IP:10.1.1.20 Timeout promt wait for:~$ command order:101', 'Error', '2016-05-22 08:59:23'),
	(121, 320, 'Disconnect from server:localhost5', 'error', '2016-05-22 08:59:23'),
	(122, 320, 'Connected to server:127.0.0.1', 'OK', '2016-05-22 08:59:23'),
	(123, 320, 'Device IP:10.1.1.21 Timeout promt wait for:Username: command order:1', 'Error', '2016-05-22 08:59:28'),
	(124, 320, 'Device IP:10.1.1.21 Timeout promt wait for:~$ command order:101', 'Error', '2016-05-22 08:59:29'),
	(125, 320, 'Disconnect from server:localhost5', 'error', '2016-05-22 08:59:29'),
	(126, 320, 'Connected to server:127.0.0.1', 'OK', '2016-05-22 08:59:30'),
	(127, 320, 'Disconnect from server:localhost5', 'error', '2016-05-22 08:59:30'),
	(128, 321, 'Connected to server: localhost5 IP:  127.0.0.1', 'OK', '2016-05-22 09:04:45'),
	(129, 321, 'Device IP:10.1.1.20 Timeout promt wait for:Username: command order:1', 'Error', '2016-05-22 09:04:50'),
	(130, 321, 'Device IP:10.1.1.20 Timeout promt wait for:~$ command order:101', 'Error', '2016-05-22 09:04:51'),
	(131, 321, 'Disconnect from server:localhost5', 'error', '2016-05-22 09:04:51'),
	(132, 321, 'Connected to server: localhost5 IP:  127.0.0.1', 'OK', '2016-05-22 09:04:52'),
	(133, 321, 'Device IP:10.1.1.21 Timeout promt wait for:Username: command order:1', 'Error', '2016-05-22 09:04:57'),
	(134, 321, 'Device IP:10.1.1.21 Timeout promt wait for:~$ command order:101', 'Error', '2016-05-22 09:04:58'),
	(135, 321, 'Disconnect from server:localhost5', 'error', '2016-05-22 09:04:58'),
	(136, 321, 'Connected to server: localhost5 IP:  127.0.0.1', 'OK', '2016-05-22 09:04:58'),
	(137, 321, 'Disconnect from server:localhost5', 'error', '2016-05-22 09:04:58'),
	(138, 322, 'Connected to server: localhost5 IP:  127.0.0.1', 'OK', '2016-05-22 09:08:27'),
	(139, 322, 'Device IP:10.1.1.20 Timeout promt wait for:Username: command order:1', 'Error', '2016-05-22 09:08:32'),
	(140, 322, 'Device IP:10.1.1.20 Timeout promt wait for:~$ command order:101', 'Error', '2016-05-22 09:08:33'),
	(141, 322, 'Disconnect from server:localhost5', 'error', '2016-05-22 09:08:33'),
	(142, 322, 'Connected to server: localhost5 IP:  127.0.0.1', 'OK', '2016-05-22 09:08:33'),
	(143, 322, 'Device IP:10.1.1.21 Timeout promt wait for:Username: command order:1', 'Error', '2016-05-22 09:08:38'),
	(144, 322, 'Device IP:10.1.1.21 Timeout promt wait for:~$ command order:101', 'Error', '2016-05-22 09:08:39'),
	(145, 322, 'Disconnect from server:localhost5', 'error', '2016-05-22 09:08:39'),
	(146, 322, 'Connected to server: localhost5 IP:  127.0.0.1', 'OK', '2016-05-22 09:08:40'),
	(147, 322, 'Disconnect from server:localhost5', 'error', '2016-05-22 09:08:40'),
	(148, 323, 'Connected to server: localhost5 IP:  127.0.0.1', 'OK', '2016-05-22 09:09:35'),
	(149, 323, 'Device IP:10.1.1.20 Timeout promt wait for:Username: command order:1', 'Error', '2016-05-22 09:09:40'),
	(150, 323, 'Device IP:10.1.1.20 Timeout promt wait for:~$ command order:101', 'Error', '2016-05-22 09:09:41'),
	(151, 323, 'Disconnect from Terminal Server: localhost5 IP:  127.0.0.1', 'error', '2016-05-22 09:09:42'),
	(152, 323, 'Connected to server: localhost5 IP:  127.0.0.1', 'OK', '2016-05-22 09:09:42'),
	(153, 323, 'Device IP:10.1.1.21 Timeout promt wait for:Username: command order:1', 'Error', '2016-05-22 09:09:47'),
	(154, 323, 'Device IP:10.1.1.21 Timeout promt wait for:~$ command order:101', 'Error', '2016-05-22 09:09:48'),
	(155, 323, 'Disconnect from Terminal Server: localhost5 IP:  127.0.0.1', 'error', '2016-05-22 09:09:48'),
	(156, 323, 'Connected to server: localhost5 IP:  127.0.0.1', 'OK', '2016-05-22 09:09:49'),
	(157, 323, 'Disconnect from Terminal Server: localhost5 IP:  127.0.0.1', 'error', '2016-05-22 09:09:49'),
	(158, 324, 'Connected to server: localhost5 IP:  127.0.0.1', 'OK', '2016-05-22 09:24:09'),
	(159, 324, 'Device Name:10.1.1.20Device IP:10.1.1.20', 'OK', '2016-05-22 09:24:13'),
	(160, 324, 'Device IP:10.1.1.21 Timeout promt wait for:Password: command order:2', 'Error', '2016-05-22 09:24:17'),
	(161, 324, 'Device IP:10.1.1.21 Timeout promt wait for:~$ command order:101', 'Error', '2016-05-22 09:24:18'),
	(162, 324, 'Disconnect from Terminal Server: localhost5 IP:  127.0.0.1', 'error', '2016-05-22 09:24:18'),
	(163, 324, 'Connected to server: localhost5 IP:  127.0.0.1', 'OK', '2016-05-22 09:24:18'),
	(164, 324, 'Disconnect from Terminal Server: localhost5 IP:  127.0.0.1', 'error', '2016-05-22 09:24:18'),
	(165, 325, 'Connected to server: localhost5 IP:  127.0.0.1', 'OK', '2016-05-22 09:25:21'),
	(166, 325, 'Device Name:10.1.1.20Device IP:10.1.1.20', 'OK', '2016-05-22 09:25:22'),
	(167, 325, 'Disconnect from Terminal Server: localhost5 IP:  127.0.0.1', 'error', '2016-05-22 09:25:22'),
	(168, 325, 'Terminal Server: localhost11 IP:  10.1.1.254 Timeout promt', 'error', '2016-05-22 09:25:28'),
	(169, 325, 'Terminal server: 10.1.1.254 is not connected', 'Error', '2016-05-22 09:25:28'),
	(170, 326, 'Terminal server: 127.0.0.1port 22 is Unrichable', 'Error', '2016-08-11 22:25:43'),
	(171, 327, 'Terminal server: 127.0.0.1port 22 is Unrichable', 'Error', '2016-08-12 07:29:00'),
	(172, 328, 'Terminal server: 127.0.0.1port 22 is Unrichable', 'Error', '2016-08-12 07:29:26'),
	(173, 329, 'Terminal server: 127.0.0.1port 22 is Unrichable', 'Error', '2016-08-12 07:32:36'),
	(174, 330, 'Terminal server: 127.0.0.1port 22 is Unrichable', 'Error', '2016-08-12 07:36:52'),
	(175, 331, 'Terminal server: 127.0.0.1port 22 is Unrichable', 'Error', '2016-08-13 15:56:34'),
	(176, 345, '\nConnected to server: 10.1.1.61 IP:  10.1.1.61', 'OK', '2016-08-14 22:10:37'),
	(177, 345, 'Device IP:10.1.1.21 Timeout promt wait for:R2> command order:3', 'Error', '2016-08-14 22:10:39'),
	(178, 345, 'Device IP:10.1.1.21 Timeout promt wait for:~$ command order:101', 'Error', '2016-08-14 22:10:40'),
	(179, 345, 'Disconnect from Terminal Server: 10.1.1.61 IP:  10.1.1.61', 'error', '2016-08-14 22:10:40'),
	(180, 345, '\nConnected to server: 10.1.1.61 IP:  10.1.1.61', 'OK', '2016-08-14 22:10:41'),
	(181, 345, 'Device Name:10.1.1.20Device IP:10.1.1.20', 'OK', '2016-08-14 22:10:44'),
	(182, 345, 'Disconnect from Terminal Server: 10.1.1.61 IP:  10.1.1.61', 'error', '2016-08-14 22:10:44'),
	(183, 346, '\nConnected to server: 10.1.1.61 IP:  10.1.1.61', 'OK', '2016-08-14 22:14:39'),
	(184, 346, 'Device Name:10.1.1.21Device IP:10.1.1.21', 'OK', '2016-08-14 22:14:43'),
	(185, 346, 'Device Name:10.1.1.20Device IP:10.1.1.20', 'OK', '2016-08-14 22:14:45'),
	(186, 346, 'Disconnect from Terminal Server: 10.1.1.61 IP:  10.1.1.61', 'error', '2016-08-14 22:14:45'),
	(187, 347, '\nConnected to server: 10.1.1.61 IP:  10.1.1.61', 'OK', '2016-08-14 22:53:51'),
	(188, 347, 'Device IP:10.1.1.21 Timeout promt wait for:Password: command order:2', 'Error', '2016-08-14 22:53:54'),
	(189, 347, 'Device IP:10.1.1.21 Timeout promt wait for:~$ command order:101', 'Error', '2016-08-14 22:53:55'),
	(190, 347, 'Disconnect from Terminal Server: 10.1.1.61 IP:  10.1.1.61', 'error', '2016-08-14 22:53:55'),
	(191, 347, '\nConnected to server: 10.1.1.61 IP:  10.1.1.61', 'OK', '2016-08-14 22:53:56'),
	(192, 347, 'Device Name:10.1.1.20Device IP:10.1.1.20', 'OK', '2016-08-14 22:53:59'),
	(193, 347, 'Disconnect from Terminal Server: 10.1.1.61 IP:  10.1.1.61', 'error', '2016-08-14 22:53:59'),
	(194, 348, '\nConnected to server: 10.1.1.61 IP:  10.1.1.61', 'OK', '2016-08-14 22:54:30'),
	(195, 348, 'Device Name:10.1.1.21Device IP:10.1.1.21', 'OK', '2016-08-14 22:54:35'),
	(196, 348, 'Device Name:10.1.1.20Device IP:10.1.1.20', 'OK', '2016-08-14 22:54:39'),
	(197, 348, 'Disconnect from Terminal Server: 10.1.1.61 IP:  10.1.1.61', 'error', '2016-08-14 22:54:39'),
	(198, 349, '\nConnected to server: 10.1.1.61 IP:  10.1.1.61', 'OK', '2016-08-14 22:57:02'),
	(199, 349, 'Device Name:10.1.1.21Device IP:10.1.1.21', 'OK', '2016-08-14 22:57:05'),
	(200, 349, 'Device Name:10.1.1.20Device IP:10.1.1.20', 'OK', '2016-08-14 22:57:06'),
	(201, 349, 'Disconnect from Terminal Server: 10.1.1.61 IP:  10.1.1.61', 'error', '2016-08-14 22:57:07'),
	(202, 350, '\nConnected to server: 10.1.1.61 IP:  10.1.1.61', 'OK', '2016-08-14 22:58:02'),
	(203, 350, 'Device IP:10.1.1.21 Timeout promt wait for:R2> command order:3', 'Error', '2016-08-14 22:58:03'),
	(204, 350, 'Device Name:10.1.1.20Device IP:10.1.1.20', 'OK', '2016-08-14 22:58:05'),
	(205, 350, 'Disconnect from Terminal Server: 10.1.1.61 IP:  10.1.1.61', 'error', '2016-08-14 22:58:05'),
	(206, 351, '\nConnected to server: 10.1.1.61 IP:  10.1.1.61', 'OK', '2016-08-14 23:00:02'),
	(207, 351, 'Device Name:10.1.1.21Device IP:10.1.1.21', 'OK', '2016-08-14 23:00:05'),
	(208, 351, 'Device Name:10.1.1.20Device IP:10.1.1.20', 'OK', '2016-08-14 23:00:07'),
	(209, 351, 'Disconnect from Terminal Server: 10.1.1.61 IP:  10.1.1.61', 'error', '2016-08-14 23:00:07'),
	(210, 352, '\nConnected to server: 10.1.1.61 IP:  10.1.1.61', 'OK', '2016-08-15 07:41:15'),
	(211, 352, 'Device IP:10.1.1.21 Timeout promt wait for:Username: command order:1', 'Error', '2016-08-15 07:41:20'),
	(212, 352, 'Device IP:10.1.1.21 Timeout promt wait for:~$ command order:101', 'Error', '2016-08-15 07:41:21'),
	(213, 352, 'Disconnect from Terminal Server: 10.1.1.61 IP:  10.1.1.61', 'error', '2016-08-15 07:41:21'),
	(214, 352, '\nConnected to server: 10.1.1.61 IP:  10.1.1.61', 'OK', '2016-08-15 07:41:22'),
	(215, 352, 'Device IP:10.1.1.20 Timeout promt wait for:Username: command order:1', 'Error', '2016-08-15 07:41:27'),
	(216, 352, 'Device IP:10.1.1.20 Timeout promt wait for:~$ command order:101', 'Error', '2016-08-15 07:41:28'),
	(217, 352, 'Disconnect from Terminal Server: 10.1.1.61 IP:  10.1.1.61', 'error', '2016-08-15 07:41:28'),
	(218, 352, '\nConnected to server: 10.1.1.61 IP:  10.1.1.61', 'OK', '2016-08-15 07:41:29'),
	(219, 352, 'Disconnect from Terminal Server: 10.1.1.61 IP:  10.1.1.61', 'error', '2016-08-15 07:41:29'),
	(220, 353, '\nConnected to server: 10.1.1.61 IP:  10.1.1.61', 'OK', '2016-08-15 07:44:24'),
	(221, 353, 'Device IP:10.1.1.21 Timeout promt wait for:Username: command order:1', 'Error', '2016-08-15 07:44:29'),
	(222, 353, 'Device IP:10.1.1.21 Timeout promt wait for:~$ command order:101', 'Error', '2016-08-15 07:44:30'),
	(223, 353, 'Disconnect from Terminal Server: 10.1.1.61 IP:  10.1.1.61', 'error', '2016-08-15 07:44:30'),
	(224, 353, '\nConnected to server: 10.1.1.61 IP:  10.1.1.61', 'OK', '2016-08-15 07:44:31'),
	(225, 353, 'Device IP:10.1.1.20 Timeout promt wait for:Username: command order:1', 'Error', '2016-08-15 07:44:36'),
	(226, 353, 'Device IP:10.1.1.20 Timeout promt wait for:~$ command order:101', 'Error', '2016-08-15 07:44:37'),
	(227, 353, 'Disconnect from Terminal Server: 10.1.1.61 IP:  10.1.1.61', 'error', '2016-08-15 07:44:37'),
	(228, 353, '\nConnected to server: 10.1.1.61 IP:  10.1.1.61', 'OK', '2016-08-15 07:44:38'),
	(229, 353, 'Disconnect from Terminal Server: 10.1.1.61 IP:  10.1.1.61', 'error', '2016-08-15 07:44:38'),
	(230, 354, '\nConnected to server: 10.1.1.61 IP:  10.1.1.61', 'OK', '2016-08-15 08:12:38'),
	(231, 354, 'Device IP:10.1.1.21 Timeout promt wait for:Username: command order:1', 'Error', '2016-08-15 08:12:43'),
	(232, 354, 'Device IP:10.1.1.21 Timeout promt wait for:~$ command order:101', 'Error', '2016-08-15 08:12:44'),
	(233, 354, 'Disconnect from Terminal Server: 10.1.1.61 IP:  10.1.1.61', 'error', '2016-08-15 08:12:44'),
	(234, 354, '\nConnected to server: 10.1.1.61 IP:  10.1.1.61', 'OK', '2016-08-15 08:12:45'),
	(235, 354, 'Device IP:10.1.1.20 Timeout promt wait for:Username: command order:1', 'Error', '2016-08-15 08:12:50'),
	(236, 354, 'Device IP:10.1.1.20 Timeout promt wait for:~$ command order:101', 'Error', '2016-08-15 08:12:51'),
	(237, 354, 'Disconnect from Terminal Server: 10.1.1.61 IP:  10.1.1.61', 'error', '2016-08-15 08:12:51'),
	(238, 354, '\nConnected to server: 10.1.1.61 IP:  10.1.1.61', 'OK', '2016-08-15 08:12:52'),
	(239, 354, 'Disconnect from Terminal Server: 10.1.1.61 IP:  10.1.1.61', 'error', '2016-08-15 08:12:52'),
	(240, 355, '\nConnected to server: 10.1.1.61 IP:  10.1.1.61', 'OK', '2016-08-15 22:58:45'),
	(241, 355, 'Device IP:10.1.1.21 Timeout promt wait for:Username: command order:1', 'Error', '2016-08-15 22:58:50'),
	(242, 355, 'Device IP:10.1.1.21 Timeout promt wait for:~$ command order:101', 'Error', '2016-08-15 22:58:51'),
	(243, 355, 'Disconnect from Terminal Server: 10.1.1.61 IP:  10.1.1.61', 'error', '2016-08-15 22:58:51'),
	(244, 355, '\nConnected to server: 10.1.1.61 IP:  10.1.1.61', 'OK', '2016-08-15 22:58:52'),
	(245, 355, 'Device IP:10.1.1.20 Timeout promt wait for:Username: command order:1', 'Error', '2016-08-15 22:58:57'),
	(246, 355, 'Device IP:10.1.1.20 Timeout promt wait for:~$ command order:101', 'Error', '2016-08-15 22:58:58'),
	(247, 355, 'Disconnect from Terminal Server: 10.1.1.61 IP:  10.1.1.61', 'error', '2016-08-15 22:58:58'),
	(248, 355, '\nConnected to server: 10.1.1.61 IP:  10.1.1.61', 'OK', '2016-08-15 22:58:59'),
	(249, 355, 'Disconnect from Terminal Server: 10.1.1.61 IP:  10.1.1.61', 'error', '2016-08-15 22:58:59'),
	(250, 356, '\nConnected to server: 10.1.1.61 IP:  10.1.1.61', 'OK', '2016-08-15 22:59:37'),
	(251, 356, 'Device IP:10.1.1.21 Timeout promt wait for:Username: command order:1', 'Error', '2016-08-15 22:59:42'),
	(252, 356, 'Device IP:10.1.1.21 Timeout promt wait for:~$ command order:101', 'Error', '2016-08-15 22:59:43'),
	(253, 356, 'Disconnect from Terminal Server: 10.1.1.61 IP:  10.1.1.61', 'error', '2016-08-15 22:59:43'),
	(254, 356, '\nConnected to server: 10.1.1.61 IP:  10.1.1.61', 'OK', '2016-08-15 22:59:44'),
	(255, 356, 'Device IP:10.1.1.20 Timeout promt wait for:Username: command order:1', 'Error', '2016-08-15 22:59:49'),
	(256, 356, 'Device IP:10.1.1.20 Timeout promt wait for:~$ command order:101', 'Error', '2016-08-15 22:59:51'),
	(257, 356, 'Disconnect from Terminal Server: 10.1.1.61 IP:  10.1.1.61', 'error', '2016-08-15 22:59:51'),
	(258, 356, '\nConnected to server: 10.1.1.61 IP:  10.1.1.61', 'OK', '2016-08-15 22:59:51'),
	(259, 356, 'Disconnect from Terminal Server: 10.1.1.61 IP:  10.1.1.61', 'error', '2016-08-15 22:59:51'),
	(260, 357, '\nConnected to server: 10.1.1.61 IP:  10.1.1.61', 'OK', '2016-08-15 23:01:03'),
	(261, 357, 'Device IP:10.1.1.21 Timeout promt wait for:Username: command order:1', 'Error', '2016-08-15 23:01:08'),
	(262, 357, 'Device IP:10.1.1.21 Timeout promt wait for:~$ command order:101', 'Error', '2016-08-15 23:01:10'),
	(263, 357, 'Disconnect from Terminal Server: 10.1.1.61 IP:  10.1.1.61', 'error', '2016-08-15 23:01:10'),
	(264, 357, '\nConnected to server: 10.1.1.61 IP:  10.1.1.61', 'OK', '2016-08-15 23:01:10'),
	(265, 357, 'Device IP:10.1.1.20 Timeout promt wait for:Username: command order:1', 'Error', '2016-08-15 23:01:15'),
	(266, 357, 'Device IP:10.1.1.20 Timeout promt wait for:~$ command order:101', 'Error', '2016-08-15 23:01:16'),
	(267, 357, 'Disconnect from Terminal Server: 10.1.1.61 IP:  10.1.1.61', 'error', '2016-08-15 23:01:17'),
	(268, 357, '\nConnected to server: 10.1.1.61 IP:  10.1.1.61', 'OK', '2016-08-15 23:01:18'),
	(269, 357, 'Disconnect from Terminal Server: 10.1.1.61 IP:  10.1.1.61', 'error', '2016-08-15 23:01:18'),
	(270, 358, '\nConnected to server: 10.1.1.61 IP:  10.1.1.61', 'OK', '2016-08-15 23:01:34'),
	(271, 358, 'Device IP:10.1.1.21 Timeout promt wait for:Username: command order:1', 'Error', '2016-08-15 23:01:39'),
	(272, 358, 'Device IP:10.1.1.21 Timeout promt wait for:~$ command order:101', 'Error', '2016-08-15 23:01:40'),
	(273, 358, 'Disconnect from Terminal Server: 10.1.1.61 IP:  10.1.1.61', 'error', '2016-08-15 23:01:41'),
	(274, 358, '\nConnected to server: 10.1.1.61 IP:  10.1.1.61', 'OK', '2016-08-15 23:01:41'),
	(275, 358, 'Device IP:10.1.1.20 Timeout promt wait for:Username: command order:1', 'Error', '2016-08-15 23:01:46'),
	(276, 358, 'Device IP:10.1.1.20 Timeout promt wait for:~$ command order:101', 'Error', '2016-08-15 23:01:47'),
	(277, 358, 'Disconnect from Terminal Server: 10.1.1.61 IP:  10.1.1.61', 'error', '2016-08-15 23:01:48'),
	(278, 358, '\nConnected to server: 10.1.1.61 IP:  10.1.1.61', 'OK', '2016-08-15 23:01:48'),
	(279, 358, 'Disconnect from Terminal Server: 10.1.1.61 IP:  10.1.1.61', 'error', '2016-08-15 23:01:48'),
	(280, 359, '\nConnected to server: 10.1.1.61 IP:  10.1.1.61', 'OK', '2016-08-15 23:02:08'),
	(281, 359, 'Device IP:10.1.1.21 Timeout promt wait for:Username: command order:1', 'Error', '2016-08-15 23:02:13'),
	(282, 359, 'Device IP:10.1.1.21 Timeout promt wait for:~$ command order:101', 'Error', '2016-08-15 23:02:14'),
	(283, 359, 'Disconnect from Terminal Server: 10.1.1.61 IP:  10.1.1.61', 'error', '2016-08-15 23:02:14'),
	(284, 359, '\nConnected to server: 10.1.1.61 IP:  10.1.1.61', 'OK', '2016-08-15 23:02:15'),
	(285, 359, 'Device IP:10.1.1.20 Timeout promt wait for:Username: command order:1', 'Error', '2016-08-15 23:02:20'),
	(286, 359, 'Device IP:10.1.1.20 Timeout promt wait for:~$ command order:101', 'Error', '2016-08-15 23:02:21'),
	(287, 359, 'Disconnect from Terminal Server: 10.1.1.61 IP:  10.1.1.61', 'error', '2016-08-15 23:02:21'),
	(288, 359, '\nConnected to server: 10.1.1.61 IP:  10.1.1.61', 'OK', '2016-08-15 23:02:22'),
	(289, 359, 'Disconnect from Terminal Server: 10.1.1.61 IP:  10.1.1.61', 'error', '2016-08-15 23:02:22'),
	(290, 360, '\nConnected to server: 10.1.1.61 IP:  10.1.1.61', 'OK', '2016-08-16 18:29:13'),
	(291, 360, 'Device IP:10.1.1.21 Timeout promt wait for:Username: command order:1', 'Error', '2016-08-16 18:29:18'),
	(292, 360, 'Device IP:10.1.1.21 Timeout promt wait for:~$ command order:101', 'Error', '2016-08-16 18:29:19'),
	(293, 360, 'Disconnect from Terminal Server: 10.1.1.61 IP:  10.1.1.61', 'error', '2016-08-16 18:29:19'),
	(294, 360, '\nConnected to server: 10.1.1.61 IP:  10.1.1.61', 'OK', '2016-08-16 18:29:20'),
	(295, 360, 'Device IP:10.1.1.20 Timeout promt wait for:Username: command order:1', 'Error', '2016-08-16 18:29:25'),
	(296, 360, 'Device IP:10.1.1.20 Timeout promt wait for:~$ command order:101', 'Error', '2016-08-16 18:29:26'),
	(297, 360, 'Disconnect from Terminal Server: 10.1.1.61 IP:  10.1.1.61', 'error', '2016-08-16 18:29:26'),
	(298, 360, '\nConnected to server: 10.1.1.61 IP:  10.1.1.61', 'OK', '2016-08-16 18:29:27'),
	(299, 360, 'Disconnect from Terminal Server: 10.1.1.61 IP:  10.1.1.61', 'error', '2016-08-16 18:29:27'),
	(300, 361, '\nConnected to server: 10.1.1.61 IP:  10.1.1.61', 'OK', '2016-08-16 18:30:07'),
	(301, 361, 'Device IP:10.1.1.21 Timeout promt wait for:Username: command order:1', 'Error', '2016-08-16 18:30:13'),
	(302, 361, 'Device IP:10.1.1.21 Timeout promt wait for:~$ command order:101', 'Error', '2016-08-16 18:30:14'),
	(303, 361, 'Disconnect from Terminal Server: 10.1.1.61 IP:  10.1.1.61', 'error', '2016-08-16 18:30:14'),
	(304, 361, 'Terminal Server: 10.1.1.61 IP:  10.1.1.61socket is not established', 'error', '2016-08-16 18:30:14'),
	(305, 361, 'Disconnect from Terminal Server: 10.1.1.61 IP:  10.1.1.61', 'error', '2016-08-16 18:30:14'),
	(306, 361, '\nConnected to server: 10.1.1.61 IP:  10.1.1.61', 'OK', '2016-08-16 18:30:15'),
	(307, 361, 'Device Name:10.1.1.20Device IP:10.1.1.20', 'OK', '2016-08-16 18:30:15'),
	(308, 361, 'Disconnect from Terminal Server: 10.1.1.61 IP:  10.1.1.61', 'error', '2016-08-16 18:30:15'),
	(309, 362, '\nConnected to server: 10.1.1.61 IP:  10.1.1.61', 'OK', '2016-08-16 18:31:14'),
	(310, 362, 'Device IP:10.1.1.21 Timeout promt wait for:Username: command order:1', 'Error', '2016-08-16 18:31:19'),
	(311, 362, 'Device IP:10.1.1.21 Timeout promt wait for:~$ command order:101', 'Error', '2016-08-16 18:31:20'),
	(312, 362, 'Disconnect from Terminal Server: 10.1.1.61 IP:  10.1.1.61', 'error', '2016-08-16 18:31:20'),
	(313, 362, '\nConnected to server: 10.1.1.61 IP:  10.1.1.61', 'OK', '2016-08-16 18:31:21'),
	(314, 362, 'Device IP:10.1.1.20 Timeout promt wait for:Username: command order:1', 'Error', '2016-08-16 18:31:26'),
	(315, 362, 'Device IP:10.1.1.20 Timeout promt wait for:~$ command order:101', 'Error', '2016-08-16 18:31:27'),
	(316, 362, 'Disconnect from Terminal Server: 10.1.1.61 IP:  10.1.1.61', 'error', '2016-08-16 18:31:27'),
	(317, 362, '\nConnected to server: 10.1.1.61 IP:  10.1.1.61', 'OK', '2016-08-16 18:31:28'),
	(318, 362, 'Disconnect from Terminal Server: 10.1.1.61 IP:  10.1.1.61', 'error', '2016-08-16 18:31:28'),
	(319, 363, '\nConnected to server: 10.1.1.61 IP:  10.1.1.61', 'OK', '2016-08-16 18:32:33'),
	(320, 363, 'Device IP:10.1.1.21 Timeout promt wait for:Username: command order:1', 'Error', '2016-08-16 18:32:38'),
	(321, 363, 'Device IP:10.1.1.21 Timeout promt wait for:~$ command order:101', 'Error', '2016-08-16 18:32:40'),
	(322, 363, 'Disconnect from Terminal Server: 10.1.1.61 IP:  10.1.1.61', 'error', '2016-08-16 18:32:40'),
	(323, 363, '\nConnected to server: 10.1.1.61 IP:  10.1.1.61', 'OK', '2016-08-16 18:32:40'),
	(324, 363, 'Device IP:10.1.1.20 Timeout promt wait for:Username: command order:1', 'Error', '2016-08-16 18:32:46'),
	(325, 363, 'Device IP:10.1.1.20 Timeout promt wait for:~$ command order:101', 'Error', '2016-08-16 18:32:47'),
	(326, 363, 'Disconnect from Terminal Server: 10.1.1.61 IP:  10.1.1.61', 'error', '2016-08-16 18:32:47'),
	(327, 363, '\nConnected to server: 10.1.1.61 IP:  10.1.1.61', 'OK', '2016-08-16 18:32:47'),
	(328, 363, 'Disconnect from Terminal Server: 10.1.1.61 IP:  10.1.1.61', 'error', '2016-08-16 18:32:48'),
	(329, 364, '\nConnected to server: 10.1.1.61 IP:  10.1.1.61', 'OK', '2016-08-17 17:32:21'),
	(330, 364, 'Device Name:10.1.1.21Device IP:10.1.1.21', 'OK', '2016-08-17 17:32:24'),
	(331, 365, '\nConnected to server: 10.1.1.61 IP:  10.1.1.61', 'OK', '2016-08-17 17:33:02'),
	(332, 365, 'Device Name:10.1.1.21Device IP:10.1.1.21', 'OK', '2016-08-17 17:33:05'),
	(333, 365, 'Device Name:10.1.1.20Device IP:10.1.1.20', 'OK', '2016-08-17 17:33:07'),
	(334, 365, 'Disconnect from Terminal Server: 10.1.1.61 IP:  10.1.1.61', 'error', '2016-08-17 17:33:07'),
	(335, 366, '\nConnected to server: 10.1.1.61 IP:  10.1.1.61', 'OK', '2016-08-17 17:42:44'),
	(336, 366, 'Device Name:10.1.1.21Device IP:10.1.1.21', 'OK', '2016-08-17 17:42:47'),
	(337, 366, 'Device Name:10.1.1.20Device IP:10.1.1.20', 'OK', '2016-08-17 17:42:48'),
	(338, 366, 'Disconnect from Terminal Server: 10.1.1.61 IP:  10.1.1.61', 'error', '2016-08-17 17:42:48'),
	(339, 367, '\nConnected to server: 10.1.1.61 IP:  10.1.1.61', 'OK', '2016-08-17 17:42:58'),
	(340, 367, 'Device Name:10.1.1.21Device IP:10.1.1.21', 'OK', '2016-08-17 17:43:00'),
	(341, 367, 'Device Name:10.1.1.20Device IP:10.1.1.20', 'OK', '2016-08-17 17:43:02'),
	(342, 367, 'Disconnect from Terminal Server: 10.1.1.61 IP:  10.1.1.61', 'error', '2016-08-17 17:43:02'),
	(343, 368, '\nConnected to server: 10.1.1.61 IP:  10.1.1.61', 'OK', '2016-08-17 17:45:19'),
	(344, 368, 'Device Name:10.1.1.21Device IP:10.1.1.21', 'OK', '2016-08-17 17:45:22'),
	(345, 369, '\nConnected to server: 10.1.1.61 IP:  10.1.1.61', 'OK', '2016-08-17 17:45:22'),
	(346, 368, 'Device Name:10.1.1.20Device IP:10.1.1.20', 'OK', '2016-08-17 17:45:24'),
	(347, 368, 'Disconnect from Terminal Server: 10.1.1.61 IP:  10.1.1.61', 'error', '2016-08-17 17:45:24'),
	(348, 370, '\nConnected to server: 10.1.1.61 IP:  10.1.1.61', 'OK', '2016-08-17 17:45:35'),
	(349, 370, 'Device Name:10.1.1.21Device IP:10.1.1.21', 'OK', '2016-08-17 17:45:37'),
	(350, 370, 'Device Name:10.1.1.20Device IP:10.1.1.20', 'OK', '2016-08-17 17:45:39'),
	(351, 370, 'Disconnect from Terminal Server: 10.1.1.61 IP:  10.1.1.61', 'error', '2016-08-17 17:45:39'),
	(352, 371, '\nConnected to server: 10.1.1.61 IP:  10.1.1.61', 'OK', '2016-08-17 17:46:22'),
	(353, 371, 'Device Name:10.1.1.21Device IP:10.1.1.21', 'OK', '2016-08-17 17:46:24'),
	(354, 371, 'Device Name:10.1.1.20Device IP:10.1.1.20', 'OK', '2016-08-17 17:46:25'),
	(355, 371, 'Disconnect from Terminal Server: 10.1.1.61 IP:  10.1.1.61', 'error', '2016-08-17 17:46:26'),
	(356, 372, '\nConnected to server: 10.1.1.61 IP:  10.1.1.61', 'OK', '2016-08-17 17:47:51'),
	(357, 372, 'Device Name:10.1.1.21Device IP:10.1.1.21', 'OK', '2016-08-17 17:47:55'),
	(358, 373, '\nConnected to server: 10.1.1.61 IP:  10.1.1.61', 'OK', '2016-08-17 17:49:37'),
	(359, 373, 'Device Name:10.1.1.21Device IP:10.1.1.21', 'OK', '2016-08-17 17:49:39'),
	(360, 374, '\nConnected to server: 10.1.1.61 IP:  10.1.1.61', 'OK', '2016-08-17 17:50:49'),
	(361, 374, 'Device Name:10.1.1.21Device IP:10.1.1.21', 'OK', '2016-08-17 17:50:52'),
	(362, 374, 'Device Name:10.1.1.20Device IP:10.1.1.20', 'OK', '2016-08-17 17:50:54'),
	(363, 374, 'Disconnect from Terminal Server: 10.1.1.61 IP:  10.1.1.61', 'error', '2016-08-17 17:50:54'),
	(364, 375, '\nConnected to server: 10.1.1.61 IP:  10.1.1.61', 'OK', '2016-08-17 17:51:20'),
	(365, 375, 'Device Name:10.1.1.21Device IP:10.1.1.21', 'OK', '2016-08-17 17:51:22'),
	(366, 376, '\nConnected to server: 10.1.1.61 IP:  10.1.1.61', 'OK', '2016-08-17 17:57:30'),
	(367, 376, 'Device Name:10.1.1.21Device IP:10.1.1.21', 'OK', '2016-08-17 17:57:33'),
	(368, 377, '\nConnected to server: 10.1.1.61 IP:  10.1.1.61', 'OK', '2016-08-17 18:02:45'),
	(369, 377, 'Device Name:10.1.1.21Device IP:10.1.1.21', 'OK', '2016-08-17 18:02:48'),
	(370, 377, 'Device Name:10.1.1.20Device IP:10.1.1.20', 'OK', '2016-08-17 18:02:50'),
	(371, 377, 'Disconnect from Terminal Server: 10.1.1.61 IP:  10.1.1.61', 'error', '2016-08-17 18:02:50'),
	(372, 378, '\nConnected to server: 10.1.1.61 IP:  10.1.1.61', 'OK', '2016-08-17 18:05:39'),
	(373, 378, 'Device Name:10.1.1.21Device IP:10.1.1.21', 'OK', '2016-08-17 18:05:42'),
	(374, 378, 'Device Name:10.1.1.20Device IP:10.1.1.20', 'OK', '2016-08-17 18:05:43'),
	(375, 379, '\nConnected to server: 10.1.1.61 IP:  10.1.1.61', 'OK', '2016-08-17 18:15:50'),
	(376, 379, 'Device Name:10.1.1.21Device IP:10.1.1.21', 'OK', '2016-08-17 18:15:53'),
	(377, 379, 'Device Name:10.1.1.20Device IP:10.1.1.20', 'OK', '2016-08-17 18:15:55'),
	(378, 379, 'Disconnect from Terminal Server: 10.1.1.61 IP:  10.1.1.61', 'error', '2016-08-17 18:15:55'),
	(379, 380, '\nConnected to server: 10.1.1.61 IP:  10.1.1.61', 'OK', '2016-08-17 18:17:09'),
	(380, 380, 'Device Name:10.1.1.21Device IP:10.1.1.21', 'OK', '2016-08-17 18:17:11'),
	(381, 380, 'Device Name:10.1.1.20Device IP:10.1.1.20', 'OK', '2016-08-17 18:17:12'),
	(382, 380, 'Disconnect from Terminal Server: 10.1.1.61 IP:  10.1.1.61', 'error', '2016-08-17 18:17:12'),
	(383, 381, '\nConnected to server: 10.1.1.61 IP:  10.1.1.61', 'OK', '2016-08-17 18:18:55'),
	(384, 381, 'Device Name:10.1.1.21Device IP:10.1.1.21', 'OK', '2016-08-17 18:18:58'),
	(385, 381, 'Device Name:10.1.1.20Device IP:10.1.1.20', 'OK', '2016-08-17 18:19:00'),
	(386, 381, 'Disconnect from Terminal Server: 10.1.1.61 IP:  10.1.1.61', 'error', '2016-08-17 18:19:00'),
	(387, 382, '\nConnected to server: 10.1.1.61 IP:  10.1.1.61', 'OK', '2016-08-17 18:22:04'),
	(388, 382, 'Device Name:10.1.1.21Device IP:10.1.1.21', 'OK', '2016-08-17 18:22:07'),
	(389, 383, '\nConnected to server: 10.1.1.61 IP:  10.1.1.61', 'OK', '2016-08-17 18:24:12'),
	(390, 383, 'Device Name:10.1.1.21Device IP:10.1.1.21', 'OK', '2016-08-17 18:24:15'),
	(391, 383, 'Device Name:10.1.1.20Device IP:10.1.1.20', 'OK', '2016-08-17 18:24:16'),
	(392, 383, 'Disconnect from Terminal Server: 10.1.1.61 IP:  10.1.1.61', 'error', '2016-08-17 18:24:16'),
	(393, 384, '\nConnected to server: 10.1.1.61 IP:  10.1.1.61', 'OK', '2016-08-18 21:54:33'),
	(394, 384, 'Device Name:10.1.1.21Device IP:10.1.1.21', 'OK', '2016-08-18 21:54:37'),
	(395, 384, 'Device Name:10.1.1.20Device IP:10.1.1.20', 'OK', '2016-08-18 21:56:12'),
	(396, 384, 'Disconnect from Terminal Server: 10.1.1.61 IP:  10.1.1.61', 'error', '2016-08-18 21:56:12'),
	(397, 385, '\nConnected to server: 10.1.1.61 IP:  10.1.1.61', 'OK', '2016-08-18 21:59:30'),
	(398, 385, 'Device Name:10.1.1.21Device IP:10.1.1.21', 'OK', '2016-08-18 21:59:32'),
	(399, 386, '\nConnected to server: 10.1.1.61 IP:  10.1.1.61', 'OK', '2016-08-18 22:07:27'),
	(400, 386, 'Device Name:10.1.1.21Device IP:10.1.1.21', 'OK', '2016-08-18 22:07:30'),
	(401, 386, 'Device Name:10.1.1.20Device IP:10.1.1.20', 'OK', '2016-08-18 22:07:31'),
	(402, 386, 'Disconnect from Terminal Server: 10.1.1.61 IP:  10.1.1.61', 'error', '2016-08-18 22:07:31'),
	(403, 387, '\nConnected to server: 10.1.1.61 IP:  10.1.1.61', 'OK', '2016-08-18 22:09:04'),
	(404, 387, 'Device Name:10.1.1.21Device IP:10.1.1.21', 'OK', '2016-08-18 22:09:07'),
	(405, 387, 'Device Name:10.1.1.20Device IP:10.1.1.20', 'OK', '2016-08-18 22:09:08'),
	(406, 387, 'Disconnect from Terminal Server: 10.1.1.61 IP:  10.1.1.61', 'error', '2016-08-18 22:09:08'),
	(407, 388, '\nConnected to server: 10.1.1.61 IP:  10.1.1.61', 'OK', '2016-08-18 22:09:28'),
	(408, 388, 'Device Name:10.1.1.21Device IP:10.1.1.21', 'OK', '2016-08-18 22:09:31'),
	(409, 388, 'Device Name:10.1.1.20Device IP:10.1.1.20', 'OK', '2016-08-18 22:09:32'),
	(410, 388, 'Disconnect from Terminal Server: 10.1.1.61 IP:  10.1.1.61', 'error', '2016-08-18 22:09:32'),
	(411, 389, '\nConnected to server: 10.1.1.61 IP:  10.1.1.61', 'OK', '2016-08-18 22:13:35'),
	(412, 389, 'Device Name:10.1.1.21Device IP:10.1.1.21', 'OK', '2016-08-18 22:13:38'),
	(413, 390, '\nConnected to server: 10.1.1.61 IP:  10.1.1.61', 'OK', '2016-08-18 22:18:47'),
	(414, 390, 'Device Name:10.1.1.21Device IP:10.1.1.21', 'OK', '2016-08-18 22:18:50'),
	(415, 391, '\nConnected to server: 10.1.1.61 IP:  10.1.1.61', 'OK', '2016-08-18 22:20:37'),
	(416, 391, 'Device Name:10.1.1.21Device IP:10.1.1.21', 'OK', '2016-08-18 22:20:40'),
	(417, 391, 'Device Name:10.1.1.20Device IP:10.1.1.20', 'OK', '2016-08-18 22:20:53'),
	(418, 391, 'Disconnect from Terminal Server: 10.1.1.61 IP:  10.1.1.61', 'error', '2016-08-18 22:20:53'),
	(419, 392, '\nConnected to server: 10.1.1.61 IP:  10.1.1.61', 'OK', '2016-08-18 22:25:31'),
	(420, 392, 'Device Name:10.1.1.21Device IP:10.1.1.21', 'OK', '2016-08-18 22:25:34'),
	(421, 392, 'Device Name:10.1.1.20Device IP:10.1.1.20', 'OK', '2016-08-18 22:25:36'),
	(422, 392, 'Disconnect from Terminal Server: 10.1.1.61 IP:  10.1.1.61', 'error', '2016-08-18 22:25:36'),
	(423, 393, '\nConnected to server: 10.1.1.61 IP:  10.1.1.61', 'OK', '2016-08-18 22:25:52'),
	(424, 393, 'Device Name:10.1.1.21Device IP:10.1.1.21', 'OK', '2016-08-18 22:25:54'),
	(425, 393, 'Device Name:10.1.1.20Device IP:10.1.1.20', 'OK', '2016-08-18 22:26:09'),
	(426, 393, 'Disconnect from Terminal Server: 10.1.1.61 IP:  10.1.1.61', 'error', '2016-08-18 22:26:09'),
	(427, 394, '\nConnected to server: 10.1.1.61 IP:  10.1.1.61', 'OK', '2016-08-18 22:27:06'),
	(428, 394, 'Device Name:10.1.1.21Device IP:10.1.1.21', 'OK', '2016-08-18 22:27:08'),
	(429, 394, 'Device Name:10.1.1.20Device IP:10.1.1.20', 'OK', '2016-08-18 22:27:16'),
	(430, 394, 'Disconnect from Terminal Server: 10.1.1.61 IP:  10.1.1.61', 'error', '2016-08-18 22:27:16'),
	(431, 396, '\nConnected to server: 10.1.1.61 IP:  10.1.1.61', 'OK', '2016-08-18 22:37:15'),
	(432, 396, 'Device Name:10.1.1.21Device IP:10.1.1.21', 'OK', '2016-08-18 22:37:17'),
	(433, 396, 'Device Name:10.1.1.20Device IP:10.1.1.20', 'OK', '2016-08-18 22:37:19'),
	(434, 396, 'Disconnect from Terminal Server: 10.1.1.61 IP:  10.1.1.61', 'error', '2016-08-18 22:37:19'),
	(435, 397, '\nConnected to server: 10.1.1.61 IP:  10.1.1.61', 'OK', '2016-08-18 22:37:53'),
	(436, 397, 'Device Name:10.1.1.21Device IP:10.1.1.21', 'OK', '2016-08-18 22:37:56'),
	(437, 397, 'Device Name:10.1.1.20Device IP:10.1.1.20', 'OK', '2016-08-18 22:37:57'),
	(438, 397, 'Disconnect from Terminal Server: 10.1.1.61 IP:  10.1.1.61', 'error', '2016-08-18 22:37:57'),
	(439, 398, '\nConnected to server: 10.1.1.61 IP:  10.1.1.61', 'OK', '2016-08-18 22:38:15'),
	(440, 398, 'Device Name:10.1.1.21Device IP:10.1.1.21', 'OK', '2016-08-18 22:38:17'),
	(441, 398, 'Disconnect from Terminal Server: 10.1.1.61 IP:  10.1.1.61', 'error', '2016-08-18 22:38:17'),
	(442, 399, '\nConnected to server: 10.1.1.61 IP:  10.1.1.61', 'OK', '2016-08-22 21:26:53'),
	(443, 399, 'Device Name:10.1.1.21Device IP:10.1.1.21', 'OK', '2016-08-22 21:26:58'),
	(444, 399, 'Device Name:10.1.1.20Device IP:10.1.1.20', 'OK', '2016-08-22 21:27:12'),
	(445, 399, 'Disconnect from Terminal Server: 10.1.1.61 IP:  10.1.1.61', 'error', '2016-08-22 21:27:12'),
	(446, 400, '\nConnected to server: 10.1.1.61 IP:  10.1.1.61', 'OK', '2016-08-22 21:31:31'),
	(447, 400, 'Device Name:10.1.1.21Device IP:10.1.1.21', 'OK', '2016-08-22 21:31:32'),
	(448, 400, 'Disconnect from Terminal Server: 10.1.1.61 IP:  10.1.1.61', 'error', '2016-08-22 21:31:32'),
	(449, 401, '\nConnected to server: 10.1.1.61 IP:  10.1.1.61', 'OK', '2016-08-22 21:34:40'),
	(450, 401, 'Device IP:10.1.1.21 Timeout promt wait for:Password: command order:4', 'Error', '2016-08-22 21:34:44'),
	(451, 401, 'Device IP:10.1.1.21 Timeout promt wait for:~$ command order:101', 'Error', '2016-08-22 21:34:45'),
	(452, 401, 'Disconnect from Terminal Server: 10.1.1.61 IP:  10.1.1.61', 'error', '2016-08-22 21:34:45'),
	(453, 401, '\nConnected to server: 10.1.1.61 IP:  10.1.1.61', 'OK', '2016-08-22 21:34:50'),
	(454, 401, 'Disconnect from Terminal Server: 10.1.1.61 IP:  10.1.1.61', 'error', '2016-08-22 21:34:50'),
	(455, 402, '\nConnected to server: 10.1.1.61 IP:  10.1.1.61', 'OK', '2016-08-22 21:37:39'),
	(456, 402, 'Device Name:10.1.1.21Device IP:10.1.1.21', 'OK', '2016-08-22 21:37:41'),
	(457, 402, 'Disconnect from Terminal Server: 10.1.1.61 IP:  10.1.1.61', 'error', '2016-08-22 21:37:41'),
	(458, 403, '\nConnected to server: 10.1.1.61 IP:  10.1.1.61', 'OK', '2016-08-22 21:37:54'),
	(459, 403, 'Device Name:10.1.1.21Device IP:10.1.1.21', 'OK', '2016-08-22 21:37:56'),
	(460, 403, 'Device Name:10.1.1.20Device IP:10.1.1.20', 'OK', '2016-08-22 21:37:58'),
	(461, 403, 'Disconnect from Terminal Server: 10.1.1.61 IP:  10.1.1.61', 'error', '2016-08-22 21:37:58'),
	(462, 404, '\nConnected to server: 10.1.1.61 IP:  10.1.1.61', 'OK', '2016-08-22 21:40:22'),
	(463, 404, 'Device Name:10.1.1.21Device IP:10.1.1.21', 'OK', '2016-08-22 21:40:24'),
	(464, 404, 'Disconnect from Terminal Server: 10.1.1.61 IP:  10.1.1.61', 'error', '2016-08-22 21:40:24'),
	(465, 405, '\nConnected to server: 10.1.1.61 IP:  10.1.1.61', 'OK', '2016-08-22 21:41:02'),
	(466, 405, 'Device Name:10.1.1.21Device IP:10.1.1.21', 'OK', '2016-08-22 21:41:04'),
	(467, 405, 'Device Name:10.1.1.20Device IP:10.1.1.20', 'OK', '2016-08-22 21:41:06'),
	(468, 405, 'Disconnect from Terminal Server: 10.1.1.61 IP:  10.1.1.61', 'error', '2016-08-22 21:41:07'),
	(469, 406, '\nConnected to server: 10.1.1.61 IP:  10.1.1.61', 'OK', '2016-08-22 21:42:17'),
	(470, 406, 'Device Name:10.1.1.21Device IP:10.1.1.21', 'OK', '2016-08-22 21:42:20'),
	(471, 406, 'Device Name:10.1.1.20Device IP:10.1.1.20', 'OK', '2016-08-22 21:42:22'),
	(472, 406, 'Disconnect from Terminal Server: 10.1.1.61 IP:  10.1.1.61', 'error', '2016-08-22 21:42:23'),
	(473, 407, '\nConnected to server: 10.1.1.61 IP:  10.1.1.61', 'OK', '2016-08-22 21:43:23'),
	(474, 407, 'Device Name:10.1.1.21Device IP:10.1.1.21', 'OK', '2016-08-22 21:43:26'),
	(475, 407, 'Disconnect from Terminal Server: 10.1.1.61 IP:  10.1.1.61', 'error', '2016-08-22 21:43:26'),
	(476, 408, '\nConnected to server: 10.1.1.61 IP:  10.1.1.61', 'OK', '2016-08-22 22:00:41'),
	(477, 409, '\nConnected to server: 10.1.1.61 IP:  10.1.1.61', 'OK', '2016-08-22 22:01:04'),
	(478, 409, 'Device Name:10.1.1.21Device IP:10.1.1.21', 'OK', '2016-08-22 22:01:06'),
	(479, 409, 'Disconnect from Terminal Server: 10.1.1.61 IP:  10.1.1.61', 'error', '2016-08-22 22:01:06'),
	(480, 410, '\nConnected to server: 10.1.1.61 IP:  10.1.1.61', 'OK', '2016-08-22 22:02:03'),
	(481, 410, 'Device Name:10.1.1.21Device IP:10.1.1.21', 'OK', '2016-08-22 22:02:05'),
	(482, 410, 'Disconnect from Terminal Server: 10.1.1.61 IP:  10.1.1.61', 'error', '2016-08-22 22:02:06'),
	(483, 411, '\nConnected to server: 10.1.1.61 IP:  10.1.1.61', 'OK', '2016-08-22 22:06:42'),
	(484, 411, 'Device Name:10.1.1.21Device IP:10.1.1.21', 'OK', '2016-08-22 22:06:45'),
	(485, 411, 'Device Name:10.1.1.20Device IP:10.1.1.20', 'OK', '2016-08-22 22:06:46'),
	(486, 411, 'Disconnect from Terminal Server: 10.1.1.61 IP:  10.1.1.61', 'error', '2016-08-22 22:06:46'),
	(487, 412, '\nConnected to server: 10.1.1.61 IP:  10.1.1.61', 'OK', '2016-08-22 22:06:52'),
	(488, 412, 'Device Name:10.1.1.21Device IP:10.1.1.21', 'OK', '2016-08-22 22:06:55'),
	(489, 412, 'Device Name:10.1.1.20Device IP:10.1.1.20', 'OK', '2016-08-22 22:06:57'),
	(490, 412, 'Disconnect from Terminal Server: 10.1.1.61 IP:  10.1.1.61', 'error', '2016-08-22 22:06:57'),
	(491, 413, '\nConnected to server: 10.1.1.61 IP:  10.1.1.61', 'OK', '2016-08-22 22:07:02'),
	(492, 413, 'Device Name:10.1.1.21Device IP:10.1.1.21', 'OK', '2016-08-22 22:07:04'),
	(493, 413, 'Device Name:10.1.1.20Device IP:10.1.1.20', 'OK', '2016-08-22 22:07:06'),
	(494, 413, 'Disconnect from Terminal Server: 10.1.1.61 IP:  10.1.1.61', 'error', '2016-08-22 22:07:06'),
	(495, 414, '\nConnected to server: 10.1.1.61 IP:  10.1.1.61', 'OK', '2016-08-22 22:07:40'),
	(496, 414, 'Device Name:10.1.1.21Device IP:10.1.1.21', 'OK', '2016-08-22 22:07:44'),
	(497, 414, 'Device Name:10.1.1.20Device IP:10.1.1.20', 'OK', '2016-08-22 22:07:46'),
	(498, 414, 'Disconnect from Terminal Server: 10.1.1.61 IP:  10.1.1.61', 'error', '2016-08-22 22:07:46'),
	(499, 415, '\nConnected to server: 10.1.1.61 IP:  10.1.1.61', 'OK', '2016-08-22 22:11:50'),
	(500, 415, 'Device Name:10.1.1.21Device IP:10.1.1.21', 'OK', '2016-08-22 22:11:54'),
	(501, 415, 'Device Name:10.1.1.20Device IP:10.1.1.20', 'OK', '2016-08-22 22:11:55'),
	(502, 415, 'Disconnect from Terminal Server: 10.1.1.61 IP:  10.1.1.61', 'OK', '2016-08-22 22:11:56'),
	(503, 416, '\nConnected to server: 10.1.1.61 IP:  10.1.1.61', 'OK', '2016-08-22 22:12:22'),
	(504, 416, 'Device Name:10.1.1.21Device IP:10.1.1.21', 'OK', '2016-08-22 22:12:24'),
	(505, 416, 'Device Name:10.1.1.20Device IP:10.1.1.20', 'OK', '2016-08-22 22:12:26'),
	(506, 416, 'Disconnect from Terminal Server: 10.1.1.61 IP:  10.1.1.61', 'OK', '2016-08-22 22:12:26'),
	(507, 417, '\nConnected to server: 10.1.1.61 IP:  10.1.1.61', 'OK', '2016-08-22 22:15:14'),
	(508, 417, 'Device Name:10.1.1.21Device IP:10.1.1.21', 'OK', '2016-08-22 22:15:17'),
	(509, 417, 'Device Name:10.1.1.20Device IP:10.1.1.20', 'OK', '2016-08-22 22:15:18'),
	(510, 417, 'Disconnect from Terminal Server: 10.1.1.61 IP:  10.1.1.61', 'OK', '2016-08-22 22:15:18'),
	(511, 418, '\nConnected to server: 10.1.1.61 IP:  10.1.1.61', 'OK', '2016-08-22 22:15:47'),
	(512, 418, 'Device Name:10.1.1.21Device IP:10.1.1.21', 'OK', '2016-08-22 22:15:48'),
	(513, 418, 'Device Name:10.1.1.20Device IP:10.1.1.20', 'OK', '2016-08-22 22:15:50'),
	(514, 418, 'Disconnect from Terminal Server: 10.1.1.61 IP:  10.1.1.61', 'OK', '2016-08-22 22:15:50'),
	(515, 419, '\nConnected to server: 10.1.1.61 IP:  10.1.1.61', 'OK', '2016-08-22 22:16:11'),
	(516, 419, 'Device Name:10.1.1.21Device IP:10.1.1.21', 'OK', '2016-08-22 22:16:13'),
	(517, 419, 'Device Name:10.1.1.20Device IP:10.1.1.20', 'OK', '2016-08-22 22:16:15'),
	(518, 419, 'Disconnect from Terminal Server: 10.1.1.61 IP:  10.1.1.61', 'OK', '2016-08-22 22:16:15'),
	(519, 420, '\nConnected to server: 10.1.1.61 IP:  10.1.1.61', 'OK', '2016-08-22 22:21:01'),
	(520, 420, 'Device Name:10.1.1.21Device IP:10.1.1.21', 'OK', '2016-08-22 22:21:04'),
	(521, 420, 'Device Name:10.1.1.20Device IP:10.1.1.20', 'OK', '2016-08-22 22:21:06'),
	(522, 420, 'Disconnect from Terminal Server: 10.1.1.61 IP:  10.1.1.61', 'OK', '2016-08-22 22:21:06'),
	(523, 421, '\nConnected to server: 10.1.1.61 IP:  10.1.1.61', 'OK', '2016-08-22 22:27:00'),
	(524, 421, 'Device Name:10.1.1.21Device IP:10.1.1.21', 'OK', '2016-08-22 22:27:02'),
	(525, 421, 'Device Name:10.1.1.20Device IP:10.1.1.20', 'OK', '2016-08-22 22:27:03'),
	(526, 421, 'Disconnect from Terminal Server: 10.1.1.61 IP:  10.1.1.61', 'OK', '2016-08-22 22:27:03'),
	(527, 422, '\nConnected to server: 10.1.1.61 IP:  10.1.1.61', 'OK', '2016-08-30 21:31:22'),
	(528, 422, 'Device Name:10.1.1.21Device IP:10.1.1.21', 'OK', '2016-08-30 21:31:24'),
	(529, 422, 'Device Name:10.1.1.20Device IP:10.1.1.20', 'OK', '2016-08-30 21:31:26'),
	(530, 422, 'Disconnect from Terminal Server: 10.1.1.61 IP:  10.1.1.61', 'OK', '2016-08-30 21:31:26'),
	(531, 423, '\nConnected to server: 10.1.1.61 IP:  10.1.1.61', 'OK', '2016-08-30 21:32:25'),
	(532, 423, 'Device Name:10.1.1.21Device IP:10.1.1.21', 'OK', '2016-08-30 21:32:28'),
	(533, 423, 'Device Name:10.1.1.20Device IP:10.1.1.20', 'OK', '2016-08-30 21:32:29'),
	(534, 423, 'Disconnect from Terminal Server: 10.1.1.61 IP:  10.1.1.61', 'OK', '2016-08-30 21:32:30'),
	(535, 424, '\nConnected to server: 10.1.1.61 IP:  10.1.1.61', 'OK', '2016-08-30 21:33:33'),
	(536, 424, 'Device Name:10.1.1.21Device IP:10.1.1.21', 'OK', '2016-08-30 21:33:36'),
	(537, 424, 'Device Name:10.1.1.20Device IP:10.1.1.20', 'OK', '2016-08-30 21:33:37'),
	(538, 424, 'Disconnect from Terminal Server: 10.1.1.61 IP:  10.1.1.61', 'OK', '2016-08-30 21:33:37'),
	(539, 425, '\nConnected to server: 10.1.1.61 IP:  10.1.1.61', 'OK', '2016-08-30 21:46:31'),
	(540, 425, 'Device Name:10.1.1.21Device IP:10.1.1.21', 'OK', '2016-08-30 21:46:33'),
	(541, 425, 'Device Name:10.1.1.20Device IP:10.1.1.20', 'OK', '2016-08-30 21:46:38'),
	(542, 425, 'Disconnect from Terminal Server: 10.1.1.61 IP:  10.1.1.61', 'OK', '2016-08-30 21:46:38'),
	(543, 426, '\nConnected to server: 10.1.1.61 IP:  10.1.1.61', 'OK', '2016-08-30 21:47:14'),
	(544, 426, 'Device Name:10.1.1.21Device IP:10.1.1.21', 'OK', '2016-08-30 21:47:17'),
	(545, 426, 'Device Name:10.1.1.20Device IP:10.1.1.20', 'OK', '2016-08-30 21:47:18'),
	(546, 426, 'Disconnect from Terminal Server: 10.1.1.61 IP:  10.1.1.61', 'OK', '2016-08-30 21:47:18'),
	(547, 427, '\nConnected to server: 10.1.1.61 IP:  10.1.1.61', 'OK', '2016-08-30 21:48:15'),
	(548, 427, 'Device Name:10.1.1.21Device IP:10.1.1.21', 'OK', '2016-08-30 21:48:17'),
	(549, 427, 'Device Name:10.1.1.20Device IP:10.1.1.20', 'OK', '2016-08-30 21:48:18'),
	(550, 427, 'Disconnect from Terminal Server: 10.1.1.61 IP:  10.1.1.61', 'OK', '2016-08-30 21:48:18'),
	(551, 428, '\nConnected to server: 10.1.1.61 IP:  10.1.1.61', 'OK', '2016-08-30 21:53:01'),
	(552, 428, 'Device Name:10.1.1.21Device IP:10.1.1.21', 'OK', '2016-08-30 21:53:03'),
	(553, 428, 'Device Name:10.1.1.20Device IP:10.1.1.20', 'OK', '2016-08-30 21:53:04'),
	(554, 428, 'Disconnect from Terminal Server: 10.1.1.61 IP:  10.1.1.61', 'OK', '2016-08-30 21:53:04'),
	(555, 429, '\nConnected to server: 10.1.1.61 IP:  10.1.1.61', 'OK', '2016-08-30 21:53:33'),
	(556, 429, 'Device Name:10.1.1.21Device IP:10.1.1.21', 'OK', '2016-08-30 21:53:35'),
	(557, 429, 'Device Name:10.1.1.20Device IP:10.1.1.20', 'OK', '2016-08-30 21:53:37'),
	(558, 429, 'Disconnect from Terminal Server: 10.1.1.61 IP:  10.1.1.61', 'OK', '2016-08-30 21:53:37'),
	(559, 430, '\nConnected to server: 10.1.1.61 IP:  10.1.1.61', 'OK', '2016-08-30 21:55:18'),
	(560, 430, 'Device Name:10.1.1.21Device IP:10.1.1.21', 'OK', '2016-08-30 21:55:21'),
	(561, 430, 'Device Name:10.1.1.20Device IP:10.1.1.20', 'OK', '2016-08-30 21:55:23'),
	(562, 430, 'Disconnect from Terminal Server: 10.1.1.61 IP:  10.1.1.61', 'OK', '2016-08-30 21:55:23'),
	(563, 431, '\nConnected to server: 10.1.1.61 IP:  10.1.1.61', 'OK', '2016-08-30 21:55:48'),
	(564, 431, 'Device Name:10.1.1.21Device IP:10.1.1.21', 'OK', '2016-08-30 21:55:50'),
	(565, 431, 'Device Name:10.1.1.20Device IP:10.1.1.20', 'OK', '2016-08-30 21:55:52'),
	(566, 431, 'Disconnect from Terminal Server: 10.1.1.61 IP:  10.1.1.61', 'OK', '2016-08-30 21:55:52'),
	(567, 432, '\nConnected to server: 10.1.1.61 IP:  10.1.1.61', 'OK', '2016-08-30 22:05:49'),
	(568, 432, 'Device Name:10.1.1.21Device IP:10.1.1.21', 'OK', '2016-08-30 22:05:52'),
	(569, 432, 'Device Name:10.1.1.20Device IP:10.1.1.20', 'OK', '2016-08-30 22:05:53'),
	(570, 432, 'Disconnect from Terminal Server: 10.1.1.61 IP:  10.1.1.61', 'OK', '2016-08-30 22:05:53'),
	(571, 433, '\nConnected to server: 10.1.1.61 IP:  10.1.1.61', 'OK', '2016-08-30 22:08:45'),
	(572, 433, 'Device Name:10.1.1.21Device IP:10.1.1.21', 'OK', '2016-08-30 22:08:48'),
	(573, 433, 'Device Name:10.1.1.20Device IP:10.1.1.20', 'OK', '2016-08-30 22:08:49'),
	(574, 433, 'Disconnect from Terminal Server: 10.1.1.61 IP:  10.1.1.61', 'OK', '2016-08-30 22:08:49'),
	(575, 434, '\nConnected to server: 10.1.1.61 IP:  10.1.1.61', 'OK', '2016-08-30 22:09:42'),
	(576, 434, 'Device Name:10.1.1.21Device IP:10.1.1.21', 'OK', '2016-08-30 22:09:44'),
	(577, 434, 'Device Name:10.1.1.20Device IP:10.1.1.20', 'OK', '2016-08-30 22:09:46'),
	(578, 434, 'Disconnect from Terminal Server: 10.1.1.61 IP:  10.1.1.61', 'OK', '2016-08-30 22:09:46'),
	(579, 435, '\nConnected to server: 10.1.1.61 IP:  10.1.1.61', 'OK', '2016-08-30 22:10:19'),
	(580, 435, 'Device Name:10.1.1.21Device IP:10.1.1.21', 'OK', '2016-08-30 22:10:21'),
	(581, 435, 'Device Name:10.1.1.20Device IP:10.1.1.20', 'OK', '2016-08-30 22:10:23'),
	(582, 435, 'Disconnect from Terminal Server: 10.1.1.61 IP:  10.1.1.61', 'OK', '2016-08-30 22:10:23'),
	(583, 436, '\nConnected to server: 10.1.1.61 IP:  10.1.1.61', 'OK', '2016-08-30 22:11:19'),
	(584, 436, 'Device Name:10.1.1.21Device IP:10.1.1.21', 'OK', '2016-08-30 22:11:22'),
	(585, 436, 'Device Name:10.1.1.20Device IP:10.1.1.20', 'OK', '2016-08-30 22:11:24'),
	(586, 436, 'Disconnect from Terminal Server: 10.1.1.61 IP:  10.1.1.61', 'OK', '2016-08-30 22:11:24'),
	(587, 437, '\nConnected to server: 10.1.1.61 IP:  10.1.1.61', 'OK', '2016-08-30 22:17:57'),
	(588, 437, 'Device Name:10.1.1.21Device IP:10.1.1.21', 'OK', '2016-08-30 22:17:59'),
	(589, 437, 'Device Name:10.1.1.20Device IP:10.1.1.20', 'OK', '2016-08-30 22:18:00'),
	(590, 437, 'Disconnect from Terminal Server: 10.1.1.61 IP:  10.1.1.61', 'OK', '2016-08-30 22:18:00'),
	(591, 438, '\nConnected to server: 10.1.1.61 IP:  10.1.1.61', 'OK', '2016-08-30 22:19:12'),
	(592, 438, 'Device Name:10.1.1.21Device IP:10.1.1.21', 'OK', '2016-08-30 22:19:15'),
	(593, 438, 'Device Name:10.1.1.20Device IP:10.1.1.20', 'OK', '2016-08-30 22:19:16'),
	(594, 438, 'Disconnect from Terminal Server: 10.1.1.61 IP:  10.1.1.61', 'OK', '2016-08-30 22:19:16'),
	(595, 439, '\nConnected to server: 10.1.1.61 IP:  10.1.1.61', 'OK', '2016-08-30 22:19:43'),
	(596, 439, 'Device Name:10.1.1.21Device IP:10.1.1.21', 'OK', '2016-08-30 22:19:46'),
	(597, 439, 'Device Name:10.1.1.20Device IP:10.1.1.20', 'OK', '2016-08-30 22:19:47'),
	(598, 439, 'Disconnect from Terminal Server: 10.1.1.61 IP:  10.1.1.61', 'OK', '2016-08-30 22:19:47'),
	(599, 440, '\nConnected to server: 10.1.1.61 IP:  10.1.1.61', 'OK', '2016-08-30 22:22:29'),
	(600, 440, 'Device Name:10.1.1.21Device IP:10.1.1.21', 'OK', '2016-08-30 22:22:32'),
	(601, 440, 'Device Name:10.1.1.20Device IP:10.1.1.20', 'OK', '2016-08-30 22:22:33'),
	(602, 440, 'Disconnect from Terminal Server: 10.1.1.61 IP:  10.1.1.61', 'OK', '2016-08-30 22:22:33'),
	(603, 441, '\nConnected to server: 10.1.1.61 IP:  10.1.1.61', 'OK', '2016-08-30 22:25:50'),
	(604, 441, 'Device Name:10.1.1.21Device IP:10.1.1.21', 'OK', '2016-08-30 22:25:53'),
	(605, 441, 'Device Name:10.1.1.20Device IP:10.1.1.20', 'OK', '2016-08-30 22:25:55'),
	(606, 441, 'Disconnect from Terminal Server: 10.1.1.61 IP:  10.1.1.61', 'OK', '2016-08-30 22:25:55'),
	(607, 442, '\nConnected to server: 10.1.1.61 IP:  10.1.1.61', 'OK', '2016-08-30 22:26:56'),
	(608, 442, 'Device Name:10.1.1.21Device IP:10.1.1.21', 'OK', '2016-08-30 22:26:58'),
	(609, 442, 'Device Name:10.1.1.20Device IP:10.1.1.20', 'OK', '2016-08-30 22:27:00'),
	(610, 442, 'Disconnect from Terminal Server: 10.1.1.61 IP:  10.1.1.61', 'OK', '2016-08-30 22:27:00'),
	(611, 443, '\nConnected to server: 10.1.1.61 IP:  10.1.1.61', 'OK', '2016-08-30 22:27:10'),
	(612, 443, 'Device Name:10.1.1.21Device IP:10.1.1.21', 'OK', '2016-08-30 22:27:12'),
	(613, 443, 'Device Name:10.1.1.20Device IP:10.1.1.20', 'OK', '2016-08-30 22:27:14'),
	(614, 443, 'Disconnect from Terminal Server: 10.1.1.61 IP:  10.1.1.61', 'OK', '2016-08-30 22:27:14'),
	(615, 444, '\nConnected to server: 10.1.1.61 IP:  10.1.1.61', 'OK', '2016-08-30 22:30:17'),
	(616, 444, 'Device Name:10.1.1.21Device IP:10.1.1.21', 'OK', '2016-08-30 22:30:19'),
	(617, 444, 'Device Name:10.1.1.20Device IP:10.1.1.20', 'OK', '2016-08-30 22:30:21'),
	(618, 444, 'Disconnect from Terminal Server: 10.1.1.61 IP:  10.1.1.61', 'OK', '2016-08-30 22:30:21'),
	(619, 445, '\nConnected to server: 10.1.1.61 IP:  10.1.1.61', 'OK', '2016-08-30 22:30:58'),
	(620, 445, 'Device Name:10.1.1.21Device IP:10.1.1.21', 'OK', '2016-08-30 22:31:01'),
	(621, 445, 'Device Name:10.1.1.20Device IP:10.1.1.20', 'OK', '2016-08-30 22:31:02'),
	(622, 445, 'Disconnect from Terminal Server: 10.1.1.61 IP:  10.1.1.61', 'OK', '2016-08-30 22:31:02'),
	(623, 446, '\nConnected to server: 10.1.1.61 IP:  10.1.1.61', 'OK', '2016-08-30 22:49:55'),
	(624, 446, 'Device Name:10.1.1.21Device IP:10.1.1.21', 'OK', '2016-08-30 22:49:58'),
	(625, 446, 'Device Name:10.1.1.20Device IP:10.1.1.20', 'OK', '2016-08-30 22:50:00'),
	(626, 446, 'Disconnect from Terminal Server: 10.1.1.61 IP:  10.1.1.61', 'OK', '2016-08-30 22:50:00'),
	(627, 447, '\nConnected to server: 10.1.1.61 IP:  10.1.1.61', 'OK', '2016-08-30 22:52:37'),
	(628, 447, 'Device Name:10.1.1.21Device IP:10.1.1.21', 'OK', '2016-08-30 22:52:39'),
	(629, 447, 'Device Name:10.1.1.20Device IP:10.1.1.20', 'OK', '2016-08-30 22:52:40'),
	(630, 447, 'Disconnect from Terminal Server: 10.1.1.61 IP:  10.1.1.61', 'OK', '2016-08-30 22:52:41'),
	(631, 449, '\nConnected to server: 10.1.1.61 IP:  10.1.1.61', 'OK', '2016-10-03 23:05:10'),
	(632, 449, 'Device Name:10.1.1.21Device IP:10.1.1.21', 'OK', '2016-10-03 23:05:13'),
	(633, 449, 'Device Name:10.1.1.20Device IP:10.1.1.20', 'OK', '2016-10-03 23:05:15'),
	(634, 449, 'Disconnect from Terminal Server: 10.1.1.61 IP:  10.1.1.61', 'OK', '2016-10-03 23:05:15'),
	(635, 454, 'Terminal Server: 10.1.1.20 IP:  10.1.1.20invalid server\'s version string', 'error', '2016-10-04 22:33:53'),
	(636, 454, 'Terminal server: 127.0.0.1 is not connected', 'Error', '2016-10-04 22:33:53'),
	(637, 455, 'Terminal Server: 10.1.1.20 IP:  10.1.1.20 SSH Server not answer', 'error', '2016-10-09 16:50:50'),
	(638, 455, 'Terminal server: 127.0.0.1 is not connected', 'Error', '2016-10-09 16:50:50'),
	(639, 456, 'Terminal Server: 10.1.1.20 IP:  10.1.1.20 SSH Server not answer', 'error', '2016-10-09 16:52:35'),
	(640, 456, 'Terminal server: 127.0.0.1 is not connected', 'Error', '2016-10-09 16:52:35'),
	(641, 457, 'Terminal Server: 10.1.1.20 IP:  10.1.1.20invalid server\'s version string', 'error', '2016-10-09 17:42:57'),
	(642, 457, 'Terminal server: 127.0.0.1 is not connected', 'Error', '2016-10-09 17:42:57'),
	(643, 458, 'Terminal Server: 10.1.1.20 IP:  10.1.1.20Check login or password SSH Server\n', 'error', '2016-10-09 18:12:18'),
	(644, 458, 'Terminal server: 127.0.0.1 is not connected', 'Error', '2016-10-09 18:12:18'),
	(645, 459, 'Terminal Server: 10.1.1.20 IP:  10.1.1.20Check login or password SSH Server\n', 'error', '2016-10-09 18:13:57'),
	(646, 459, 'Terminal server: 127.0.0.1 is not connected', 'Error', '2016-10-09 18:13:57'),
	(647, 460, 'Terminal Server: ssh IP:  127.0.0.1 Timeout promt', 'error', '2016-10-09 18:18:53'),
	(648, 460, 'Terminal server: 127.0.0.1 is not connected', 'Error', '2016-10-09 18:18:53'),
	(649, 461, 'Terminal Server: ssh IP:  127.0.0.1 Timeout promt', 'error', '2016-10-09 18:19:28'),
	(650, 461, 'Terminal server: 127.0.0.1 is not connected', 'Error', '2016-10-09 18:19:28'),
	(651, 462, '\nConnected to server: 10.1.1.20 IP:  10.1.1.20', 'OK', '2016-10-09 18:20:54'),
	(652, 462, 'Device IP:10.1.1.20 Timeout promt wait for:# command order:51', 'Error', '2016-10-09 18:20:55'),
	(653, 462, 'Disconnect from Terminal Server: 10.1.1.20 IP:  10.1.1.20', 'OK', '2016-10-09 18:20:55'),
	(654, 462, '\nConnected to server: 10.1.1.20 IP:  10.1.1.20', 'OK', '2016-10-09 18:20:58'),
	(655, 462, 'Disconnect from Terminal Server: 10.1.1.20 IP:  10.1.1.20', 'OK', '2016-10-09 18:20:58'),
	(656, 463, 'Terminal server: 10.1.1.61icmp is Unrichable', 'Error', '2016-10-09 18:22:56'),
	(657, 464, '\nConnected to server: 10.1.1.20 IP:  10.1.1.20', 'OK', '2016-10-09 18:23:51'),
	(658, 464, 'Device IP:10.1.1.20 Timeout promt wait for:# command order:51', 'Error', '2016-10-09 18:23:53'),
	(659, 464, 'Disconnect from Terminal Server: 10.1.1.20 IP:  10.1.1.20', 'OK', '2016-10-09 18:23:53'),
	(660, 464, '\nConnected to server: 10.1.1.20 IP:  10.1.1.20', 'OK', '2016-10-09 18:23:53'),
	(661, 464, 'Disconnect from Terminal Server: 10.1.1.20 IP:  10.1.1.20', 'OK', '2016-10-09 18:23:53'),
	(662, 465, '\nConnected to server: 10.1.1.20 IP:  10.1.1.20', 'OK', '2016-10-09 18:24:55'),
	(663, 466, '\nConnected to server: 10.1.1.20 IP:  10.1.1.20', 'OK', '2016-10-09 18:26:55'),
	(664, 467, '\nConnected to server: 10.1.1.20 IP:  10.1.1.20', 'OK', '2016-10-10 22:46:09'),
	(665, 468, '\nConnected to server: 10.1.1.20 IP:  10.1.1.20', 'OK', '2016-10-10 22:49:25'),
	(666, 469, '\nConnected to server: 10.1.1.20 IP:  10.1.1.20', 'OK', '2016-10-10 22:51:41'),
	(667, 470, '\nConnected to server: 10.1.1.20 IP:  10.1.1.20', 'OK', '2016-10-10 22:52:31'),
	(668, 471, '\nConnected to server: 10.1.1.20 IP:  10.1.1.20', 'OK', '2016-10-10 22:56:24'),
	(669, 471, 'Device IP:10.1.1.20 Timeout promt wait for:# command order:51', 'Error', '2016-10-10 22:57:02'),
	(670, 471, 'Disconnect from Terminal Server: 10.1.1.20 IP:  10.1.1.20', 'OK', '2016-10-10 22:57:26'),
	(671, 472, '\nConnected to server: 10.1.1.20 IP:  10.1.1.20', 'OK', '2016-10-10 22:57:59'),
	(672, 472, 'Device IP:10.1.1.20 Timeout promt wait for:# command order:51', 'Error', '2016-10-10 22:58:07'),
	(673, 472, 'Disconnect from Terminal Server: 10.1.1.20 IP:  10.1.1.20', 'OK', '2016-10-10 22:58:28'),
	(674, 473, '\nConnected to server: 10.1.1.20 IP:  10.1.1.20', 'OK', '2016-10-10 22:59:06'),
	(675, 474, '\nConnected to server: 10.1.1.20 IP:  10.1.1.20', 'OK', '2016-10-10 23:01:06'),
	(676, 475, '\nConnected to server: 10.1.1.20 IP:  10.1.1.20', 'OK', '2016-10-10 23:04:31'),
	(677, 476, '\nConnected to server: 10.1.1.20 IP:  10.1.1.20', 'OK', '2016-10-10 23:06:34'),
	(678, 477, '\nConnected to server: 10.1.1.20 IP:  10.1.1.20', 'OK', '2016-10-10 23:09:20'),
	(679, 478, '\nConnected to server: 10.1.1.20 IP:  10.1.1.20', 'OK', '2016-10-10 23:10:51'),
	(680, 479, '\nConnected to server: 10.1.1.20 IP:  10.1.1.20', 'OK', '2016-10-10 23:13:34'),
	(681, 479, 'Device Name:10.1.1.20Device IP:10.1.1.20', 'OK', '2016-10-10 23:13:35'),
	(682, 479, 'Disconnect from Terminal Server: 10.1.1.20 IP:  10.1.1.20', 'OK', '2016-10-10 23:13:35'),
	(683, 480, '\nConnected to server: 10.1.1.20 IP:  10.1.1.20', 'OK', '2016-10-10 23:13:36'),
	(684, 480, 'Device Name:10.1.1.20Device IP:10.1.1.20', 'OK', '2016-10-10 23:13:37'),
	(685, 480, 'Disconnect from Terminal Server: 10.1.1.20 IP:  10.1.1.20', 'OK', '2016-10-10 23:13:37'),
	(686, 481, '\nConnected to server: 10.1.1.20 IP:  10.1.1.20', 'OK', '2016-10-10 23:13:37'),
	(687, 481, 'Device Name:10.1.1.20Device IP:10.1.1.20', 'OK', '2016-10-10 23:13:39'),
	(688, 481, 'Disconnect from Terminal Server: 10.1.1.20 IP:  10.1.1.20', 'OK', '2016-10-10 23:13:39'),
	(689, 482, '\nConnected to server: 10.1.1.20 IP:  10.1.1.20', 'OK', '2016-10-10 23:16:03'),
	(690, 482, 'Device Name:10.1.1.20Device IP:10.1.1.20', 'OK', '2016-10-10 23:16:03'),
	(691, 482, 'Disconnect from Terminal Server: 10.1.1.20 IP:  10.1.1.20', 'OK', '2016-10-10 23:16:03'),
	(692, 483, 'Terminal Server: 10.1.1.20 IP:  10.1.1.20connection is closed by foreign host', 'error', '2016-10-16 09:15:18'),
	(693, 483, 'Terminal server: 127.0.0.1 is not connected', 'Error', '2016-10-16 09:15:18'),
	(694, 484, '\nConnected to server: 10.1.1.20 IP:  10.1.1.20', 'OK', '2016-10-16 09:21:11'),
	(695, 484, 'Device Name:10.1.1.20Device IP:10.1.1.20', 'OK', '2016-10-16 09:21:12'),
	(696, 484, 'Disconnect from Terminal Server: 10.1.1.20 IP:  10.1.1.20', 'OK', '2016-10-16 09:21:13'),
	(697, 485, '\nConnected to server: 10.1.1.20 IP:  10.1.1.20', 'OK', '2016-10-16 09:26:23'),
	(698, 485, 'Device IP:10.1.1.20 Timeout promt wait for:R1# command order:51', 'Error', '2016-10-16 09:26:24'),
	(699, 485, 'Disconnect from Terminal Server: 10.1.1.20 IP:  10.1.1.20', 'OK', '2016-10-16 09:26:24'),
	(700, 486, '\nConnected to server: 10.1.1.20 IP:  10.1.1.20', 'OK', '2016-10-16 09:26:35'),
	(701, 486, 'Device Name:10.1.1.20Device IP:10.1.1.20', 'OK', '2016-10-16 09:26:36'),
	(702, 486, 'Disconnect from Terminal Server: 10.1.1.20 IP:  10.1.1.20', 'OK', '2016-10-16 09:26:36'),
	(703, 487, '\nConnected to server: 10.1.1.20 IP:  10.1.1.20', 'OK', '2016-10-16 09:31:16'),
	(704, 487, 'Device IP:10.1.1.20 Timeout promt wait for:R1# command order:51', 'Error', '2016-10-16 09:31:17'),
	(705, 487, 'Disconnect from Terminal Server: 10.1.1.20 IP:  10.1.1.20', 'OK', '2016-10-16 09:31:17'),
	(706, 488, '\nConnected to server: 10.1.1.20 IP:  10.1.1.20', 'OK', '2016-10-16 09:34:39'),
	(707, 488, 'Device IP:10.1.1.20 Timeout promt wait for:R1# command order:51', 'Error', '2016-10-16 09:34:40'),
	(708, 488, 'Disconnect from Terminal Server: 10.1.1.20 IP:  10.1.1.20', 'OK', '2016-10-16 09:34:40'),
	(709, 489, '\nConnected to server: 10.1.1.20 IP:  10.1.1.20', 'OK', '2016-10-16 09:36:40'),
	(710, 489, 'Device Name:10.1.1.20Device IP:10.1.1.20', 'OK', '2016-10-16 09:36:41'),
	(711, 489, 'Disconnect from Terminal Server: 10.1.1.20 IP:  10.1.1.20', 'OK', '2016-10-16 09:36:41'),
	(712, 491, '\nConnected to server: 10.1.1.20 IP:  10.1.1.20', 'OK', '2016-10-16 09:42:54'),
	(713, 491, 'Device Name:10.1.1.20Device IP:10.1.1.20', 'OK', '2016-10-16 09:42:55'),
	(714, 491, 'Disconnect from Terminal Server: 10.1.1.20 IP:  10.1.1.20', 'OK', '2016-10-16 09:42:55'),
	(715, 492, '\nConnected to server: 10.1.1.20 IP:  10.1.1.20', 'OK', '2016-10-16 09:45:28'),
	(716, 492, 'Device Name:10.1.1.20Device IP:10.1.1.20', 'OK', '2016-10-16 09:45:28'),
	(717, 492, 'Disconnect from Terminal Server: 10.1.1.20 IP:  10.1.1.20', 'OK', '2016-10-16 09:45:28'),
	(718, 493, '\nConnected to server: 10.1.1.20 IP:  10.1.1.20', 'OK', '2016-10-16 09:55:38'),
	(719, 493, 'Device Name:10.1.1.20Device IP:10.1.1.20', 'OK', '2016-10-16 09:55:38'),
	(720, 493, 'Disconnect from Terminal Server: 10.1.1.20 IP:  10.1.1.20', 'OK', '2016-10-16 09:55:38'),
	(721, 494, '\nConnected to server: 10.1.1.20 IP:  10.1.1.20', 'OK', '2016-10-16 09:56:02'),
	(722, 494, 'Device Name:10.1.1.20Device IP:10.1.1.20', 'OK', '2016-10-16 09:56:03'),
	(723, 494, 'Disconnect from Terminal Server: 10.1.1.20 IP:  10.1.1.20', 'OK', '2016-10-16 09:56:03'),
	(724, 495, '\nConnected to server: 10.1.1.20 IP:  10.1.1.20', 'OK', '2016-10-16 10:01:17'),
	(725, 495, 'Device Name:10.1.1.20Device IP:10.1.1.20', 'OK', '2016-10-16 10:01:17'),
	(726, 495, 'Disconnect from Terminal Server: 10.1.1.20 IP:  10.1.1.20', 'OK', '2016-10-16 10:01:17'),
	(727, 496, '\nConnected to server: 10.1.1.20 IP:  10.1.1.20', 'OK', '2016-10-16 10:03:55'),
	(728, 496, 'Device Name:10.1.1.20Device IP:10.1.1.20', 'OK', '2016-10-16 10:03:57'),
	(729, 496, 'Disconnect from Terminal Server: 10.1.1.20 IP:  10.1.1.20', 'OK', '2016-10-16 10:03:57'),
	(730, 497, '\nConnected to server: 10.1.1.20 IP:  10.1.1.20', 'OK', '2016-10-16 10:06:05'),
	(731, 497, 'Device Name:10.1.1.20Device IP:10.1.1.20', 'OK', '2016-10-16 10:06:05'),
	(732, 497, 'Disconnect from Terminal Server: 10.1.1.20 IP:  10.1.1.20', 'OK', '2016-10-16 10:06:06'),
	(733, 498, '\nConnected to server: 10.1.1.20 IP:  10.1.1.20', 'OK', '2016-10-16 10:07:27'),
	(734, 498, 'Device Name:10.1.1.20Device IP:10.1.1.20', 'OK', '2016-10-16 10:07:28'),
	(735, 498, 'Disconnect from Terminal Server: 10.1.1.20 IP:  10.1.1.20', 'OK', '2016-10-16 10:07:28'),
	(736, 499, '\nConnected to server: 10.1.1.20 IP:  10.1.1.20', 'OK', '2016-10-16 10:09:13'),
	(737, 499, 'Device Name:10.1.1.20Device IP:10.1.1.20', 'OK', '2016-10-16 10:09:14'),
	(738, 499, 'Disconnect from Terminal Server: 10.1.1.20 IP:  10.1.1.20', 'OK', '2016-10-16 10:09:14'),
	(739, 500, '\nConnected to server: 10.1.1.20 IP:  10.1.1.20', 'OK', '2016-10-16 10:12:58'),
	(740, 500, 'Device IP:10.1.1.20 Timeout promt wait for:R1# command order:51', 'Error', '2016-10-16 10:12:59'),
	(741, 500, 'Disconnect from Terminal Server: 10.1.1.20 IP:  10.1.1.20', 'OK', '2016-10-16 10:12:59'),
	(742, 501, '\nConnected to server: 10.1.1.20 IP:  10.1.1.20', 'OK', '2016-10-16 10:13:59'),
	(743, 501, 'Device Name:10.1.1.20Device IP:10.1.1.20', 'OK', '2016-10-16 10:14:00'),
	(744, 501, 'Disconnect from Terminal Server: 10.1.1.20 IP:  10.1.1.20', 'OK', '2016-10-16 10:14:00'),
	(745, 502, '\nConnected to server: 10.1.1.20 IP:  10.1.1.20', 'OK', '2016-10-16 10:15:03'),
	(746, 502, 'Device Name:10.1.1.20Device IP:10.1.1.20', 'OK', '2016-10-16 10:15:04'),
	(747, 502, 'Disconnect from Terminal Server: 10.1.1.20 IP:  10.1.1.20', 'OK', '2016-10-16 10:15:04'),
	(748, 503, '\nConnected to server: 10.1.1.20 IP:  10.1.1.20', 'OK', '2016-10-16 10:28:48'),
	(749, 503, 'Device Name:10.1.1.20Device IP:10.1.1.20', 'OK', '2016-10-16 10:28:49'),
	(750, 503, 'Disconnect from Terminal Server: 10.1.1.20 IP:  10.1.1.20', 'OK', '2016-10-16 10:28:49'),
	(751, 504, '\nConnected to server: 10.1.1.20 IP:  10.1.1.20', 'OK', '2016-10-16 10:32:21'),
	(752, 504, 'Device Name:10.1.1.20Device IP:10.1.1.20', 'OK', '2016-10-16 10:32:22'),
	(753, 504, 'Disconnect from Terminal Server: 10.1.1.20 IP:  10.1.1.20', 'OK', '2016-10-16 10:32:22'),
	(754, 505, '\nConnected to server: 10.1.1.20 IP:  10.1.1.20', 'OK', '2016-10-16 10:34:04'),
	(755, 505, 'Device Name:10.1.1.20Device IP:10.1.1.20', 'OK', '2016-10-16 10:34:05'),
	(756, 505, 'Disconnect from Terminal Server: 10.1.1.20 IP:  10.1.1.20', 'OK', '2016-10-16 10:34:05'),
	(757, 506, '\nConnected to server: 10.1.1.20 IP:  10.1.1.20', 'OK', '2016-10-16 10:36:46'),
	(758, 506, 'Device Name:10.1.1.20Device IP:10.1.1.20', 'OK', '2016-10-16 10:36:48'),
	(759, 506, 'Disconnect from Terminal Server: 10.1.1.20 IP:  10.1.1.20', 'OK', '2016-10-16 10:36:48'),
	(760, 507, '\nConnected to server: 10.1.1.20 IP:  10.1.1.20', 'OK', '2016-10-16 10:39:17'),
	(761, 507, 'Device Name:10.1.1.20Device IP:10.1.1.20', 'OK', '2016-10-16 10:39:18'),
	(762, 507, 'Disconnect from Terminal Server: 10.1.1.20 IP:  10.1.1.20', 'OK', '2016-10-16 10:39:18'),
	(763, 508, '\nConnected to server: 10.1.1.20 IP:  10.1.1.20', 'OK', '2016-10-16 10:41:45'),
	(764, 508, 'Device Name:10.1.1.20Device IP:10.1.1.20', 'OK', '2016-10-16 10:41:46'),
	(765, 508, 'Disconnect from Terminal Server: 10.1.1.20 IP:  10.1.1.20', 'OK', '2016-10-16 10:41:46'),
	(766, 508, 'Terminal Server: 10.1.1.21 IP:  10.1.1.21 SSH Server not answer', 'error', '2016-10-16 10:42:06'),
	(767, 508, 'Terminal server: 127.0.0.1 is not connected', 'Error', '2016-10-16 10:42:06'),
	(768, 509, '\nConnected to server: 10.1.1.20 IP:  10.1.1.20', 'OK', '2016-10-16 10:44:32'),
	(769, 509, 'Device Name:10.1.1.20Device IP:10.1.1.20', 'OK', '2016-10-16 10:44:33'),
	(770, 509, 'Disconnect from Terminal Server: 10.1.1.20 IP:  10.1.1.20', 'OK', '2016-10-16 10:44:33'),
	(771, 509, 'Terminal Server: ssh IP:  127.0.0.1 Timeout promt', 'error', '2016-10-16 10:44:38'),
	(772, 509, 'Terminal server: 127.0.0.1 is not connected', 'Error', '2016-10-16 10:44:38'),
	(773, 510, '\nConnected to server: 10.1.1.20 IP:  10.1.1.20', 'OK', '2016-10-16 10:47:11'),
	(774, 510, 'Device Name:10.1.1.20Device IP:10.1.1.20', 'OK', '2016-10-16 10:47:12'),
	(775, 510, 'Disconnect from Terminal Server: 10.1.1.20 IP:  10.1.1.20', 'OK', '2016-10-16 10:47:12'),
	(776, 510, '\nConnected to server: 10.1.1.21 IP:  10.1.1.21', 'OK', '2016-10-16 10:47:14'),
	(777, 510, 'Device Name:10.1.1.21Device IP:10.1.1.21', 'OK', '2016-10-16 10:47:15'),
	(778, 510, 'Disconnect from Terminal Server: 10.1.1.21 IP:  10.1.1.21', 'OK', '2016-10-16 10:47:15'),
	(779, 511, 'Terminal Server: 10.1.1.20 IP:  10.1.1.20 SSH Server not answer', 'error', '2016-10-16 10:49:24'),
	(780, 511, 'Terminal server: 127.0.0.1 is not connected', 'Error', '2016-10-16 10:49:24'),
	(781, 511, '\nConnected to server: 10.1.1.21 IP:  10.1.1.21', 'OK', '2016-10-16 10:49:25'),
	(782, 511, 'Device Name:10.1.1.21Device IP:10.1.1.21', 'OK', '2016-10-16 10:49:26'),
	(783, 511, 'Disconnect from Terminal Server: 10.1.1.21 IP:  10.1.1.21', 'OK', '2016-10-16 10:49:26'),
	(784, 512, 'Device: 10.1.1.20 IP:  10.1.1.20 SSH Server not answer', 'error', '2016-10-16 10:54:53'),
	(785, 512, 'Terminal server: 127.0.0.1 is not connected', 'Error', '2016-10-16 10:54:53'),
	(786, 512, '\nConnected to server: 10.1.1.21 IP:  10.1.1.21', 'OK', '2016-10-16 10:54:54'),
	(787, 512, 'Device Name:10.1.1.21Device IP:10.1.1.21', 'OK', '2016-10-16 10:54:54'),
	(788, 512, 'Disconnect from Device: 10.1.1.21 IP:  10.1.1.21', 'OK', '2016-10-16 10:54:55'),
	(789, 513, 'Device: 10.1.1.20 IP:  10.1.1.20 SSH Server not answer', 'error', '2016-10-16 11:05:35'),
	(790, 513, 'Terminal server: 127.0.0.1 is not connected', 'Error', '2016-10-16 11:05:35'),
	(791, 513, '\nConnected to Device: 10.1.1.21 IP:  10.1.1.21', 'OK', '2016-10-16 11:05:35'),
	(792, 513, 'Device Name:10.1.1.21Device IP:10.1.1.21', 'OK', '2016-10-16 11:05:38'),
	(793, 513, 'Disconnect from Device: 10.1.1.21 IP:  10.1.1.21', 'OK', '2016-10-16 11:05:38'),
	(794, 514, 'Device: 10.1.1.20 IP:  10.1.1.20 SSH Server not answer', 'error', '2016-10-16 11:09:17'),
	(795, 514, 'Terminal server: 127.0.0.1 is not connected', 'Error', '2016-10-16 11:09:17'),
	(796, 514, '\nConnected to Device: 10.1.1.21 IP:  10.1.1.21', 'OK', '2016-10-16 11:09:18'),
	(797, 514, 'Device Name:10.1.1.21Device IP:10.1.1.21', 'OK', '2016-10-16 11:09:18'),
	(798, 514, 'Disconnect from Device: 10.1.1.21 IP:  10.1.1.21', 'OK', '2016-10-16 11:09:19'),
	(799, 515, 'Device: 10.1.1.20 IP:  10.1.1.20 SSH Server not answer', 'error', '2016-10-16 11:16:20'),
	(800, 515, 'Terminal server: 127.0.0.1 is not connected', 'Error', '2016-10-16 11:16:20'),
	(801, 515, '\nConnected to Device: 10.1.1.21 IP:  10.1.1.21', 'OK', '2016-10-16 11:16:22'),
	(802, 515, 'Device Name:10.1.1.21Device IP:10.1.1.21', 'OK', '2016-10-16 11:16:24'),
	(803, 515, 'Disconnect from Device: 10.1.1.21 IP:  10.1.1.21', 'OK', '2016-10-16 11:16:24'),
	(804, 516, 'Device: 10.1.1.20 IP:  10.1.1.20 SSH Server not answer', 'error', '2016-10-16 11:24:28'),
	(805, 516, 'Terminal server: 127.0.0.1 is not connected', 'Error', '2016-10-16 11:24:28'),
	(806, 516, '\nConnected to Device: 10.1.1.21 IP:  10.1.1.21', 'OK', '2016-10-16 11:24:30'),
	(807, 516, 'Device Name:10.1.1.21Device IP:10.1.1.21', 'OK', '2016-10-16 11:24:31'),
	(808, 516, 'Disconnect from Device: 10.1.1.21 IP:  10.1.1.21', 'OK', '2016-10-16 11:24:31'),
	(809, 517, '\nConnected to Device: 10.1.1.20 IP:  10.1.1.20', 'OK', '2016-10-16 11:25:23'),
	(810, 517, 'Device Name:10.1.1.20Device IP:10.1.1.20', 'OK', '2016-10-16 11:25:24'),
	(811, 517, 'Disconnect from Device: 10.1.1.20 IP:  10.1.1.20', 'OK', '2016-10-16 11:25:24'),
	(812, 517, '\nConnected to Device: 10.1.1.21 IP:  10.1.1.21', 'OK', '2016-10-16 11:25:25'),
	(813, 517, 'Device Name:10.1.1.21Device IP:10.1.1.21', 'OK', '2016-10-16 11:25:25'),
	(814, 517, 'Disconnect from Device: 10.1.1.21 IP:  10.1.1.21', 'OK', '2016-10-16 11:25:26'),
	(815, 518, 'Device: 10.1.1.20 IP:  10.1.1.20Check login or password SSH Server\n', 'error', '2016-10-16 11:27:49'),
	(816, 518, 'Device: 10.1.1.20 is not connected', 'Error', '2016-10-16 11:27:49'),
	(817, 518, '\nConnected to Device: 10.1.1.21 IP:  10.1.1.21', 'OK', '2016-10-16 11:27:52'),
	(818, 518, 'Device Name:10.1.1.21Device IP:10.1.1.21', 'OK', '2016-10-16 11:27:53'),
	(819, 518, 'Disconnect from Device: 10.1.1.21 IP:  10.1.1.21', 'OK', '2016-10-16 11:27:53'),
	(820, 519, '\nConnected to Device: 10.1.1.21 IP:  10.1.1.21', 'OK', '2016-10-16 12:45:40'),
	(821, 519, 'Device Name:10.1.1.21Device IP:10.1.1.21', 'OK', '2016-10-16 12:45:42'),
	(822, 519, 'Disconnect from Device: 10.1.1.21 IP:  10.1.1.21', 'OK', '2016-10-16 12:45:42'),
	(823, 519, '\nConnected to Device: 10.1.1.20 IP:  10.1.1.20', 'OK', '2016-10-16 12:45:42'),
	(824, 519, 'Device Name:10.1.1.20Device IP:10.1.1.20', 'OK', '2016-10-16 12:45:42'),
	(825, 520, '\nConnected to Device: 10.1.1.21 IP:  10.1.1.21', 'OK', '2016-10-16 12:47:59'),
	(826, 520, 'Device Name:10.1.1.21Device IP:10.1.1.21', 'OK', '2016-10-16 12:48:00'),
	(827, 520, 'Disconnect from Device: 10.1.1.21 IP:  10.1.1.21', 'OK', '2016-10-16 12:48:00'),
	(828, 520, '\nConnected to Device: 10.1.1.20 IP:  10.1.1.20', 'OK', '2016-10-16 12:48:00'),
	(829, 520, 'Device Name:10.1.1.20Device IP:10.1.1.20', 'OK', '2016-10-16 12:48:00'),
	(830, 521, '\nConnected to Device: 10.1.1.21 IP:  10.1.1.21', 'OK', '2016-10-16 12:49:42'),
	(831, 521, 'Device Name:10.1.1.21Device IP:10.1.1.21', 'OK', '2016-10-16 12:49:44'),
	(832, 521, 'Disconnect from Device: 10.1.1.21 IP:  10.1.1.21', 'OK', '2016-10-16 12:49:44'),
	(833, 521, '\nConnected to Device: 10.1.1.20 IP:  10.1.1.20', 'OK', '2016-10-16 12:49:45'),
	(834, 521, 'Device Name:10.1.1.20Device IP:10.1.1.20', 'OK', '2016-10-16 12:49:45'),
	(835, 522, '\nConnected to Device: 10.1.1.21 IP:  10.1.1.21', 'OK', '2016-10-16 12:52:04'),
	(836, 522, 'Device Name:10.1.1.21Device IP:10.1.1.21', 'OK', '2016-10-16 12:52:05'),
	(837, 522, 'Disconnect from Device: 10.1.1.21 IP:  10.1.1.21', 'OK', '2016-10-16 12:52:05'),
	(838, 522, '\nConnected to Device: 10.1.1.20 IP:  10.1.1.20', 'OK', '2016-10-16 12:52:05'),
	(839, 522, 'Device Name:10.1.1.20Device IP:10.1.1.20', 'OK', '2016-10-16 12:52:05'),
	(840, 523, '\nConnected to Device: 10.1.1.21 IP:  10.1.1.21', 'OK', '2016-10-16 12:54:09'),
	(841, 523, 'Device Name:10.1.1.21Device IP:10.1.1.21', 'OK', '2016-10-16 12:54:11'),
	(842, 523, 'Disconnect from Device: 10.1.1.21 IP:  10.1.1.21', 'OK', '2016-10-16 12:54:11'),
	(843, 523, '\nConnected to Device: 10.1.1.20 IP:  10.1.1.20', 'OK', '2016-10-16 12:54:12'),
	(844, 524, '\nConnected to Device: 10.1.1.21 IP:  10.1.1.21', 'OK', '2016-10-16 12:57:39'),
	(845, 524, 'Device Name:10.1.1.21Device IP:10.1.1.21', 'OK', '2016-10-16 12:57:40'),
	(846, 524, 'Disconnect from Device: 10.1.1.21 IP:  10.1.1.21', 'OK', '2016-10-16 12:57:40'),
	(847, 524, '\nConnected to Device: 10.1.1.20 IP:  10.1.1.20', 'OK', '2016-10-16 12:57:40'),
	(848, 524, 'Device Name:10.1.1.20Device IP:10.1.1.20', 'OK', '2016-10-16 12:57:41'),
	(849, 525, 'Device: 10.1.1.21 IP:  10.1.1.21 SSH Server not answer', 'Error', '2016-10-16 19:57:32'),
	(850, 525, 'Device: 10.1.1.21 is not connected', 'Error', '2016-10-16 19:57:33'),
	(851, 525, '\nConnected to Device: 10.1.1.20 IP:  10.1.1.20', 'OK', '2016-10-16 19:57:34'),
	(852, 526, 'Device: 10.1.1.21 IP:  10.1.1.21 SSH Server not answer', 'Error', '2016-10-16 20:03:45'),
	(853, 526, 'Device: 10.1.1.21 is not connected', 'Error', '2016-10-16 20:03:45'),
	(854, 526, '\nConnected to Device: 10.1.1.20 IP:  10.1.1.20', 'OK', '2016-10-16 20:03:46'),
	(855, 527, '\nConnected to Device: 10.1.1.20 IP:  10.1.1.20', 'OK', '2016-10-16 20:04:46'),
	(856, 528, '\nConnected to Device: 10.1.1.20 IP:  10.1.1.20', 'OK', '2016-10-16 20:06:26'),
	(857, 528, 'Device IP:10.1.1.20 Timeout promt wait for: command order:101', 'Error', '2016-10-16 20:06:27'),
	(858, 528, 'Disconnect from Device: 10.1.1.20 IP:  10.1.1.20', 'OK', '2016-10-16 20:06:27'),
	(859, 529, '\nConnected to Device: 10.1.1.20 IP:  10.1.1.20', 'OK', '2016-10-16 20:07:35'),
	(860, 530, '\nConnected to Device: 10.1.1.20 IP:  10.1.1.20', 'OK', '2016-10-16 20:12:00'),
	(861, 531, 'Device: 10.1.1.20 IP:  10.1.1.20 Error Connect Socket port 23', 'Error', '2016-10-16 20:15:01'),
	(862, 532, 'Device: 10.1.1.20 IP:  10.1.1.20 Error Connect Socket port 23', 'Error', '2016-10-16 20:18:00'),
	(863, 533, '\nConnected to Device: 10.1.1.20 IP:  10.1.1.20', 'OK', '2016-10-16 20:19:57'),
	(864, 533, 'Device IP:10.1.1.20 Timeout promt wait for:R1# command order:3', 'Error', '2016-10-16 20:19:59'),
	(865, 533, 'Disconnect from Device: 10.1.1.20 IP:  10.1.1.20', 'OK', '2016-10-16 20:19:59'),
	(866, 534, 'Device: 10.1.1.21 IP:  10.1.1.21 SSH Server not answer', 'Error', '2016-10-16 20:23:40'),
	(867, 534, 'Device: 10.1.1.21 is not connected', 'Error', '2016-10-16 20:23:40'),
	(868, 534, '\nConnected to Device: 10.1.1.20 IP:  10.1.1.20', 'OK', '2016-10-16 20:23:40'),
	(869, 534, 'Device IP:10.1.1.20 Timeout promt wait for:R1# command order:3', 'Error', '2016-10-16 20:23:41'),
	(870, 534, 'Disconnect from Device: 10.1.1.20 IP:  10.1.1.20', 'OK', '2016-10-16 20:23:41'),
	(871, 535, 'Device: 10.1.1.21 IP:  10.1.1.21 SSH Server not answer', 'Error', '2016-10-16 20:44:37'),
	(872, 535, 'Device: 10.1.1.21 is not connected', 'Error', '2016-10-16 20:44:37'),
	(873, 535, '\nConnected to Device: 10.1.1.20 IP:  10.1.1.20', 'OK', '2016-10-16 20:44:37'),
	(874, 535, 'Device IP:10.1.1.20 Timeout promt wait for:Password: command order:2', 'Error', '2016-10-16 20:44:38'),
	(875, 535, 'Disconnect from Device: 10.1.1.20 IP:  10.1.1.20', 'OK', '2016-10-16 20:44:38'),
	(876, 536, 'Device: 10.1.1.21 IP:  10.1.1.21 SSH Server not answer', 'Error', '2016-10-16 20:53:28'),
	(877, 536, 'Device: 10.1.1.21 is not connected', 'Error', '2016-10-16 20:53:28'),
	(878, 536, '\nConnected to Device: 10.1.1.20 IP:  10.1.1.20', 'OK', '2016-10-16 20:53:29'),
	(879, 536, 'Device IP:10.1.1.20 Timeout promt wait for:R1# command order:3', 'Error', '2016-10-16 20:53:30'),
	(880, 536, 'Disconnect from Device: 10.1.1.20 IP:  10.1.1.20', 'OK', '2016-10-16 20:53:30'),
	(881, 537, 'Device: 10.1.1.21 IP:  10.1.1.21 SSH Server not answer', 'Error', '2016-10-16 20:55:47'),
	(882, 537, 'Device: 10.1.1.21 is not connected', 'Error', '2016-10-16 20:55:47'),
	(883, 537, '\nConnected to Device: 10.1.1.20 IP:  10.1.1.20', 'OK', '2016-10-16 20:55:47'),
	(884, 537, 'Device IP:10.1.1.20 Timeout promt wait for:R1# command order:3', 'Error', '2016-10-16 20:55:48'),
	(885, 537, 'Disconnect from Device: 10.1.1.20 IP:  10.1.1.20', 'OK', '2016-10-16 20:55:48'),
	(886, 538, 'Device: 10.1.1.21 IP:  10.1.1.21 SSH Server not answer', 'Error', '2016-10-16 20:57:54'),
	(887, 538, 'Device: 10.1.1.21 is not connected', 'Error', '2016-10-16 20:57:54'),
	(888, 538, '\nConnected to Device: 10.1.1.20 IP:  10.1.1.20', 'OK', '2016-10-16 20:57:54'),
	(889, 538, 'Device IP:10.1.1.20 Timeout promt wait for:R1# command order:3', 'Error', '2016-10-16 20:57:55'),
	(890, 538, 'Disconnect from Device: 10.1.1.20 IP:  10.1.1.20', 'OK', '2016-10-16 20:57:55'),
	(891, 541, 'Device: 10.1.1.21 IP:  10.1.1.21 SSH Server not answer', 'Error', '2016-10-16 21:21:46'),
	(892, 541, 'Device: 10.1.1.21 is not connected', 'Error', '2016-10-16 21:21:46'),
	(893, 542, 'Device: 10.1.1.21 IP:  10.1.1.21 SSH Server not answer', 'Error', '2016-10-16 21:22:02'),
	(894, 542, 'Device: 10.1.1.21 is not connected', 'Error', '2016-10-16 21:22:02'),
	(895, 545, 'Device: 10.1.1.21 IP:  10.1.1.21 SSH Server not answer', 'Error', '2016-10-16 21:24:23'),
	(896, 545, 'Device: 10.1.1.21 is not connected', 'Error', '2016-10-16 21:24:23'),
	(897, 545, '\nConnected to Device: 10.1.1.20 IP:  10.1.1.20', 'OK', '2016-10-16 21:24:24'),
	(898, 545, 'Device IP:10.1.1.20 Timeout promt wait for:R1# command order:3', 'Error', '2016-10-16 21:24:25'),
	(899, 545, 'Disconnect from Device: 10.1.1.20 IP:  10.1.1.20', 'OK', '2016-10-16 21:24:25'),
	(900, 547, '\nConnected to Device: 10.1.1.20 IP:  10.1.1.20', 'OK', '2016-10-16 21:29:52'),
	(901, 547, 'Device IP:10.1.1.20 Timeout promt wait for:R1# command order:3', 'Error', '2016-10-16 21:29:53'),
	(902, 547, 'Disconnect from Device: 10.1.1.20 IP:  10.1.1.20', 'OK', '2016-10-16 21:29:53'),
	(903, 549, 'Device: 10.1.1.20 IP:  10.1.1.20 Error Connect Socket port 23', 'Error', '2017-03-11 11:56:02'),
	(904, 552, 'Device: 10.1.1.20 IP:  10.1.1.20 Error Connect Socket port 23', 'Error', '2017-03-20 21:56:42'),
	(905, 558, 'Device: 10.1.1.20 IP:  10.1.1.20 Error Connect Socket port 23', 'Error', '2017-04-02 18:40:11'),
	(906, 559, 'Device: 10.1.1.20 IP:  10.1.1.20 Error Connect Socket port 23', 'Error', '2017-06-18 22:01:31'),
	(907, 563, 'Device: 10.1.1.20 IP:  10.1.1.20 Error Connect Socket port 23', 'Error', '2017-07-16 16:36:34');
/*!40000 ALTER TABLE `tasks_complited_loging` ENABLE KEYS */;

-- Дамп структуры для таблица saveconfig.tasks_device
DROP TABLE IF EXISTS `tasks_device`;
CREATE TABLE IF NOT EXISTS `tasks_device` (
  `id` int(11) unsigned NOT NULL AUTO_INCREMENT,
  `taskid` int(11) unsigned DEFAULT NULL,
  `device_id` int(11) DEFAULT NULL,
  PRIMARY KEY (`id`)
) ENGINE=InnoDB AUTO_INCREMENT=3 DEFAULT CHARSET=utf8 ROW_FORMAT=COMPACT;

-- Дамп данных таблицы saveconfig.tasks_device: ~1 rows (приблизительно)
/*!40000 ALTER TABLE `tasks_device` DISABLE KEYS */;
INSERT INTO `tasks_device` (`id`, `taskid`, `device_id`) VALUES
	(2, 1, 195);
/*!40000 ALTER TABLE `tasks_device` ENABLE KEYS */;

-- Дамп структуры для таблица saveconfig.tasks_group
DROP TABLE IF EXISTS `tasks_group`;
CREATE TABLE IF NOT EXISTS `tasks_group` (
  `id` int(11) unsigned NOT NULL AUTO_INCREMENT,
  `taskid` int(11) unsigned DEFAULT NULL,
  `group_id` int(11) DEFAULT NULL,
  PRIMARY KEY (`id`)
) ENGINE=InnoDB AUTO_INCREMENT=86 DEFAULT CHARSET=utf8 ROW_FORMAT=COMPACT;

-- Дамп данных таблицы saveconfig.tasks_group: ~5 rows (приблизительно)
/*!40000 ALTER TABLE `tasks_group` DISABLE KEYS */;
INSERT INTO `tasks_group` (`id`, `taskid`, `group_id`) VALUES
	(28, 1, 1),
	(77, 2, 1),
	(78, 2, 3),
	(79, 2, 2),
	(85, 11, 6);
/*!40000 ALTER TABLE `tasks_group` ENABLE KEYS */;

-- Дамп структуры для таблица saveconfig.template
DROP TABLE IF EXISTS `template`;
CREATE TABLE IF NOT EXISTS `template` (
  `id` int(11) NOT NULL AUTO_INCREMENT,
  `id_terminal_server` int(11) DEFAULT NULL,
  `template_name` varchar(50) COLLATE utf8_unicode_ci DEFAULT NULL,
  PRIMARY KEY (`id`),
  KEY `FK_template_terminal_server` (`id_terminal_server`),
  CONSTRAINT `FK_template_terminal_server` FOREIGN KEY (`id_terminal_server`) REFERENCES `terminal_server` (`id`)
) ENGINE=InnoDB AUTO_INCREMENT=36 DEFAULT CHARSET=utf8 COLLATE=utf8_unicode_ci ROW_FORMAT=COMPACT;

-- Дамп данных таблицы saveconfig.template: ~10 rows (приблизительно)
/*!40000 ALTER TABLE `template` DISABLE KEYS */;
INSERT INTO `template` (`id`, `id_terminal_server`, `template_name`) VALUES
	(1, 2, 'catalyst_telnet'),
	(2, 1, 'catalyst_mac_telnet'),
	(4, 1, 'cisco 6500'),
	(5, 1, 'catalyst_telnet2'),
	(28, 18, 'ssh show version'),
	(29, 1, 't4'),
	(30, 1, 'y5'),
	(31, 1, 't5'),
	(32, 1, '4356'),
	(33, 1, 'catalyst_mac_telnet3'),
	(34, 18, 'ssh show runn'),
	(35, 16, 'telnet show runn');
/*!40000 ALTER TABLE `template` ENABLE KEYS */;

-- Дамп структуры для таблица saveconfig.terminal_server
DROP TABLE IF EXISTS `terminal_server`;
CREATE TABLE IF NOT EXISTS `terminal_server` (
  `id` int(11) NOT NULL AUTO_INCREMENT,
  `device_name` varchar(50) COLLATE utf8_unicode_ci DEFAULT NULL,
  `device_ip` varchar(50) COLLATE utf8_unicode_ci DEFAULT NULL,
  `device_username1` varchar(50) COLLATE utf8_unicode_ci DEFAULT NULL,
  `device_passw1` varchar(50) COLLATE utf8_unicode_ci DEFAULT NULL,
  `device_promt1` varchar(50) COLLATE utf8_unicode_ci DEFAULT NULL,
  `device_username2` varchar(50) COLLATE utf8_unicode_ci DEFAULT NULL,
  `device_passw2` varchar(50) COLLATE utf8_unicode_ci DEFAULT NULL,
  `device_promt2` varchar(50) COLLATE utf8_unicode_ci DEFAULT NULL,
  PRIMARY KEY (`id`)
) ENGINE=InnoDB AUTO_INCREMENT=19 DEFAULT CHARSET=utf8 COLLATE=utf8_unicode_ci ROW_FORMAT=COMPACT;

-- Дамп данных таблицы saveconfig.terminal_server: ~4 rows (приблизительно)
/*!40000 ALTER TABLE `terminal_server` DISABLE KEYS */;
INSERT INTO `terminal_server` (`id`, `device_name`, `device_ip`, `device_username1`, `device_passw1`, `device_promt1`, `device_username2`, `device_passw2`, `device_promt2`) VALUES
	(1, '10.1.1.61', '10.1.1.61', 'user', 'user', '~$', 'user2', 'kos123456', '~$'),
	(2, 'localhost54', '127.0.0.1', 'user', 'kos123456', '~$', 'user', 'kos123456', '~$'),
	(9, 'localhost', '127.0.0.1', 'user', 'user', 'user', 'user', 'user', 'user'),
	(16, 'telnet', '127.0.0.1', '1', NULL, '1', '', NULL, ''),
	(18, 'ssh', '127.0.0.1', '1', NULL, '1', '', NULL, '');
/*!40000 ALTER TABLE `terminal_server` ENABLE KEYS */;

-- Дамп структуры для таблица saveconfig.users
DROP TABLE IF EXISTS `users`;
CREATE TABLE IF NOT EXISTS `users` (
  `username` varchar(45) NOT NULL,
  `password` varchar(45) NOT NULL,
  `enabled` tinyint(4) NOT NULL DEFAULT '1',
  PRIMARY KEY (`username`)
) ENGINE=InnoDB DEFAULT CHARSET=utf8;

-- Дамп данных таблицы saveconfig.users: ~5 rows (приблизительно)
/*!40000 ALTER TABLE `users` DISABLE KEYS */;
INSERT INTO `users` (`username`, `password`, `enabled`) VALUES
	('1', '1', 0),
	('3', '3', 1),
	('admin', '1', 1),
	('operator', '1', 1),
	('user', '1', 1);
/*!40000 ALTER TABLE `users` ENABLE KEYS */;

-- Дамп структуры для таблица saveconfig.user_roles
DROP TABLE IF EXISTS `user_roles`;
CREATE TABLE IF NOT EXISTS `user_roles` (
  `user_role_id` int(11) NOT NULL AUTO_INCREMENT,
  `username` varchar(45) NOT NULL,
  `role` varchar(45) NOT NULL,
  PRIMARY KEY (`user_role_id`)
) ENGINE=InnoDB AUTO_INCREMENT=13 DEFAULT CHARSET=utf8;

-- Дамп данных таблицы saveconfig.user_roles: ~8 rows (приблизительно)
/*!40000 ALTER TABLE `user_roles` DISABLE KEYS */;
INSERT INTO `user_roles` (`user_role_id`, `username`, `role`) VALUES
	(1, 'user', 'ROLE_USER'),
	(2, 'admin', 'ROLE_ADMIN'),
	(4, 'admin', 'ROLE_USER'),
	(5, 'operator', 'ROLE_USER'),
	(6, 'operator', 'ROLE_OPERATOR'),
	(7, 'operator', 'ROLE_ADMIN'),
	(10, '1', 'ROLE_OPERATOR'),
	(12, '3', 'ROLE_ADMIN');
/*!40000 ALTER TABLE `user_roles` ENABLE KEYS */;

/*!40101 SET SQL_MODE=IFNULL(@OLD_SQL_MODE, '') */;
/*!40014 SET FOREIGN_KEY_CHECKS=IF(@OLD_FOREIGN_KEY_CHECKS IS NULL, 1, @OLD_FOREIGN_KEY_CHECKS) */;
/*!40101 SET CHARACTER_SET_CLIENT=@OLD_CHARACTER_SET_CLIENT */;
